opcode_hex,mnemonic,address_mode,bytes,base_cycles,microcode_source,associated_tests,status
00,BRK,IMP,2,7,src/core/cpu/cpu8/Cpu65c02Opcode.java + src/core/cpu/cpu8/Cpu65c02Microcode.java,test.cpu.Cpu65c02ProfileMicrocodeCoverageTest#cmdProfileAllNonNopOpcodesMatchMicrocodeCycleCount; test.cpu.Cpu65c02MicrocodeTest; test.cpu.Cpu65c02ProfileMicrocodeCoverageTest#cmdProfileAllNonNopsAreRuntimeMicroQueued,PASS
01,ORA,IND_X,2,6,src/core/cpu/cpu8/Cpu65c02Opcode.java + src/core/cpu/cpu8/Cpu65c02Microcode.java,test.cpu.Cpu65c02ProfileMicrocodeCoverageTest#cmdProfileAllNonNopOpcodesMatchMicrocodeCycleCount; test.cpu.Cpu65c02MicrocodeTest; test.cpu.Cpu65c02ProfileMicrocodeCoverageTest#cmdProfileAllNonNopsAreRuntimeMicroQueued,PASS
02,NOP,IMP,2,2,docs/cmd_g65sc02_page9_nops_measured_cycles.csv + src/core/cpu/cpu8/Cpu65c02Cmd.java,test.cpu.Cpu65c02ProfileMicrocodeCoverageTest#cmdProfileNopOpcodesMatchMicrocodeCycleCount; test.cpu.Cpu65c02CycleTimingTest#cmdProfileAllMeasuredNopCyclesMatchHardwareTable,PASS
03,NOP,IMP,1,1,docs/cmd_g65sc02_page9_nops_measured_cycles.csv + src/core/cpu/cpu8/Cpu65c02Cmd.java,test.cpu.Cpu65c02ProfileMicrocodeCoverageTest#cmdProfileNopOpcodesMatchMicrocodeCycleCount; test.cpu.Cpu65c02CycleTimingTest#cmdProfileAllMeasuredNopCyclesMatchHardwareTable,PASS
04,TSB,ZPG,2,5,src/core/cpu/cpu8/Cpu65c02Opcode.java + src/core/cpu/cpu8/Cpu65c02Microcode.java,test.cpu.Cpu65c02ProfileMicrocodeCoverageTest#cmdProfileAllNonNopOpcodesMatchMicrocodeCycleCount; test.cpu.Cpu65c02MicrocodeTest; test.cpu.Cpu65c02ProfileMicrocodeCoverageTest#cmdProfileAllNonNopsAreRuntimeMicroQueued,PASS
05,ORA,ZPG,2,3,src/core/cpu/cpu8/Cpu65c02Opcode.java + src/core/cpu/cpu8/Cpu65c02Microcode.java,test.cpu.Cpu65c02ProfileMicrocodeCoverageTest#cmdProfileAllNonNopOpcodesMatchMicrocodeCycleCount; test.cpu.Cpu65c02MicrocodeTest; test.cpu.Cpu65c02ProfileMicrocodeCoverageTest#cmdProfileAllNonNopsAreRuntimeMicroQueued,PASS
06,ASL,ZPG,2,5,src/core/cpu/cpu8/Cpu65c02Opcode.java + src/core/cpu/cpu8/Cpu65c02Microcode.java,test.cpu.Cpu65c02ProfileMicrocodeCoverageTest#cmdProfileAllNonNopOpcodesMatchMicrocodeCycleCount; test.cpu.Cpu65c02MicrocodeTest; test.cpu.Cpu65c02ProfileMicrocodeCoverageTest#cmdProfileAllNonNopsAreRuntimeMicroQueued,PASS
07,NOP,IMP,1,1,docs/cmd_g65sc02_page9_nops_measured_cycles.csv + src/core/cpu/cpu8/Cpu65c02Cmd.java,test.cpu.Cpu65c02ProfileMicrocodeCoverageTest#cmdProfileNopOpcodesMatchMicrocodeCycleCount; test.cpu.Cpu65c02CycleTimingTest#cmdProfileAllMeasuredNopCyclesMatchHardwareTable,PASS
08,PHP,IMP,1,3,src/core/cpu/cpu8/Cpu65c02Opcode.java + src/core/cpu/cpu8/Cpu65c02Microcode.java,test.cpu.Cpu65c02ProfileMicrocodeCoverageTest#cmdProfileAllNonNopOpcodesMatchMicrocodeCycleCount; test.cpu.Cpu65c02MicrocodeTest; test.cpu.Cpu65c02ProfileMicrocodeCoverageTest#cmdProfileAllNonNopsAreRuntimeMicroQueued,PASS
09,ORA,IMM,2,2,src/core/cpu/cpu8/Cpu65c02Opcode.java + src/core/cpu/cpu8/Cpu65c02Microcode.java,test.cpu.Cpu65c02ProfileMicrocodeCoverageTest#cmdProfileAllNonNopOpcodesMatchMicrocodeCycleCount; test.cpu.Cpu65c02MicrocodeTest; test.cpu.Cpu65c02ProfileMicrocodeCoverageTest#cmdProfileAllNonNopsAreRuntimeMicroQueued,PASS
0A,ASL,ACC,1,2,src/core/cpu/cpu8/Cpu65c02Opcode.java + src/core/cpu/cpu8/Cpu65c02Microcode.java,test.cpu.Cpu65c02ProfileMicrocodeCoverageTest#cmdProfileAllNonNopOpcodesMatchMicrocodeCycleCount; test.cpu.Cpu65c02MicrocodeTest; test.cpu.Cpu65c02ProfileMicrocodeCoverageTest#cmdProfileAllNonNopsAreRuntimeMicroQueued,PASS
0B,NOP,IMP,1,1,docs/cmd_g65sc02_page9_nops_measured_cycles.csv + src/core/cpu/cpu8/Cpu65c02Cmd.java,test.cpu.Cpu65c02ProfileMicrocodeCoverageTest#cmdProfileNopOpcodesMatchMicrocodeCycleCount; test.cpu.Cpu65c02CycleTimingTest#cmdProfileAllMeasuredNopCyclesMatchHardwareTable,PASS
0C,TSB,ABS,3,6,src/core/cpu/cpu8/Cpu65c02Opcode.java + src/core/cpu/cpu8/Cpu65c02Microcode.java,test.cpu.Cpu65c02ProfileMicrocodeCoverageTest#cmdProfileAllNonNopOpcodesMatchMicrocodeCycleCount; test.cpu.Cpu65c02MicrocodeTest; test.cpu.Cpu65c02ProfileMicrocodeCoverageTest#cmdProfileAllNonNopsAreRuntimeMicroQueued,PASS
0D,ORA,ABS,3,4,src/core/cpu/cpu8/Cpu65c02Opcode.java + src/core/cpu/cpu8/Cpu65c02Microcode.java,test.cpu.Cpu65c02ProfileMicrocodeCoverageTest#cmdProfileAllNonNopOpcodesMatchMicrocodeCycleCount; test.cpu.Cpu65c02MicrocodeTest; test.cpu.Cpu65c02ProfileMicrocodeCoverageTest#cmdProfileAllNonNopsAreRuntimeMicroQueued,PASS
0E,ASL,ABS,3,6,src/core/cpu/cpu8/Cpu65c02Opcode.java + src/core/cpu/cpu8/Cpu65c02Microcode.java,test.cpu.Cpu65c02ProfileMicrocodeCoverageTest#cmdProfileAllNonNopOpcodesMatchMicrocodeCycleCount; test.cpu.Cpu65c02MicrocodeTest; test.cpu.Cpu65c02ProfileMicrocodeCoverageTest#cmdProfileAllNonNopsAreRuntimeMicroQueued,PASS
0F,NOP,IMP,1,1,docs/cmd_g65sc02_page9_nops_measured_cycles.csv + src/core/cpu/cpu8/Cpu65c02Cmd.java,test.cpu.Cpu65c02ProfileMicrocodeCoverageTest#cmdProfileNopOpcodesMatchMicrocodeCycleCount; test.cpu.Cpu65c02CycleTimingTest#cmdProfileAllMeasuredNopCyclesMatchHardwareTable,PASS
10,BPL,REL,2,2,src/core/cpu/cpu8/Cpu65c02Opcode.java + src/core/cpu/cpu8/Cpu65c02Microcode.java,test.cpu.Cpu65c02ProfileMicrocodeCoverageTest#cmdProfileAllNonNopOpcodesMatchMicrocodeCycleCount; test.cpu.Cpu65c02MicrocodeTest; test.cpu.Cpu65c02ProfileMicrocodeCoverageTest#cmdProfileAllNonNopsAreRuntimeMicroQueued,PASS
11,ORA,IND_Y,2,5,src/core/cpu/cpu8/Cpu65c02Opcode.java + src/core/cpu/cpu8/Cpu65c02Microcode.java,test.cpu.Cpu65c02ProfileMicrocodeCoverageTest#cmdProfileAllNonNopOpcodesMatchMicrocodeCycleCount; test.cpu.Cpu65c02MicrocodeTest; test.cpu.Cpu65c02ProfileMicrocodeCoverageTest#cmdProfileAllNonNopsAreRuntimeMicroQueued,PASS
12,ORA,ZPG_IND,2,5,src/core/cpu/cpu8/Cpu65c02Opcode.java + src/core/cpu/cpu8/Cpu65c02Microcode.java,test.cpu.Cpu65c02ProfileMicrocodeCoverageTest#cmdProfileAllNonNopOpcodesMatchMicrocodeCycleCount; test.cpu.Cpu65c02MicrocodeTest; test.cpu.Cpu65c02ProfileMicrocodeCoverageTest#cmdProfileAllNonNopsAreRuntimeMicroQueued,PASS
13,NOP,IMP,1,1,docs/cmd_g65sc02_page9_nops_measured_cycles.csv + src/core/cpu/cpu8/Cpu65c02Cmd.java,test.cpu.Cpu65c02ProfileMicrocodeCoverageTest#cmdProfileNopOpcodesMatchMicrocodeCycleCount; test.cpu.Cpu65c02CycleTimingTest#cmdProfileAllMeasuredNopCyclesMatchHardwareTable,PASS
14,TRB,ZPG,2,5,src/core/cpu/cpu8/Cpu65c02Opcode.java + src/core/cpu/cpu8/Cpu65c02Microcode.java,test.cpu.Cpu65c02ProfileMicrocodeCoverageTest#cmdProfileAllNonNopOpcodesMatchMicrocodeCycleCount; test.cpu.Cpu65c02MicrocodeTest; test.cpu.Cpu65c02ProfileMicrocodeCoverageTest#cmdProfileAllNonNopsAreRuntimeMicroQueued,PASS
15,ORA,ZPG_X,2,4,src/core/cpu/cpu8/Cpu65c02Opcode.java + src/core/cpu/cpu8/Cpu65c02Microcode.java,test.cpu.Cpu65c02ProfileMicrocodeCoverageTest#cmdProfileAllNonNopOpcodesMatchMicrocodeCycleCount; test.cpu.Cpu65c02MicrocodeTest; test.cpu.Cpu65c02ProfileMicrocodeCoverageTest#cmdProfileAllNonNopsAreRuntimeMicroQueued,PASS
16,ASL,ZPG_X,2,6,src/core/cpu/cpu8/Cpu65c02Opcode.java + src/core/cpu/cpu8/Cpu65c02Microcode.java,test.cpu.Cpu65c02ProfileMicrocodeCoverageTest#cmdProfileAllNonNopOpcodesMatchMicrocodeCycleCount; test.cpu.Cpu65c02MicrocodeTest; test.cpu.Cpu65c02ProfileMicrocodeCoverageTest#cmdProfileAllNonNopsAreRuntimeMicroQueued,PASS
17,NOP,IMP,1,1,docs/cmd_g65sc02_page9_nops_measured_cycles.csv + src/core/cpu/cpu8/Cpu65c02Cmd.java,test.cpu.Cpu65c02ProfileMicrocodeCoverageTest#cmdProfileNopOpcodesMatchMicrocodeCycleCount; test.cpu.Cpu65c02CycleTimingTest#cmdProfileAllMeasuredNopCyclesMatchHardwareTable,PASS
18,CLC,IMP,1,2,src/core/cpu/cpu8/Cpu65c02Opcode.java + src/core/cpu/cpu8/Cpu65c02Microcode.java,test.cpu.Cpu65c02ProfileMicrocodeCoverageTest#cmdProfileAllNonNopOpcodesMatchMicrocodeCycleCount; test.cpu.Cpu65c02MicrocodeTest; test.cpu.Cpu65c02ProfileMicrocodeCoverageTest#cmdProfileAllNonNopsAreRuntimeMicroQueued,PASS
19,ORA,ABS_Y,3,4,src/core/cpu/cpu8/Cpu65c02Opcode.java + src/core/cpu/cpu8/Cpu65c02Microcode.java,test.cpu.Cpu65c02ProfileMicrocodeCoverageTest#cmdProfileAllNonNopOpcodesMatchMicrocodeCycleCount; test.cpu.Cpu65c02MicrocodeTest; test.cpu.Cpu65c02ProfileMicrocodeCoverageTest#cmdProfileAllNonNopsAreRuntimeMicroQueued,PASS
1A,INA,ACC,1,2,src/core/cpu/cpu8/Cpu65c02Opcode.java + src/core/cpu/cpu8/Cpu65c02Microcode.java,test.cpu.Cpu65c02ProfileMicrocodeCoverageTest#cmdProfileAllNonNopOpcodesMatchMicrocodeCycleCount; test.cpu.Cpu65c02MicrocodeTest; test.cpu.Cpu65c02ProfileMicrocodeCoverageTest#cmdProfileAllNonNopsAreRuntimeMicroQueued,PASS
1B,NOP,IMP,1,1,docs/cmd_g65sc02_page9_nops_measured_cycles.csv + src/core/cpu/cpu8/Cpu65c02Cmd.java,test.cpu.Cpu65c02ProfileMicrocodeCoverageTest#cmdProfileNopOpcodesMatchMicrocodeCycleCount; test.cpu.Cpu65c02CycleTimingTest#cmdProfileAllMeasuredNopCyclesMatchHardwareTable,PASS
1C,TRB,ABS,3,6,src/core/cpu/cpu8/Cpu65c02Opcode.java + src/core/cpu/cpu8/Cpu65c02Microcode.java,test.cpu.Cpu65c02ProfileMicrocodeCoverageTest#cmdProfileAllNonNopOpcodesMatchMicrocodeCycleCount; test.cpu.Cpu65c02MicrocodeTest; test.cpu.Cpu65c02ProfileMicrocodeCoverageTest#cmdProfileAllNonNopsAreRuntimeMicroQueued,PASS
1D,ORA,ABS_X,3,4,src/core/cpu/cpu8/Cpu65c02Opcode.java + src/core/cpu/cpu8/Cpu65c02Microcode.java,test.cpu.Cpu65c02ProfileMicrocodeCoverageTest#cmdProfileAllNonNopOpcodesMatchMicrocodeCycleCount; test.cpu.Cpu65c02MicrocodeTest; test.cpu.Cpu65c02ProfileMicrocodeCoverageTest#cmdProfileAllNonNopsAreRuntimeMicroQueued,PASS
1E,ASL,ABS_X,3,6,src/core/cpu/cpu8/Cpu65c02Opcode.java + src/core/cpu/cpu8/Cpu65c02Microcode.java,test.cpu.Cpu65c02ProfileMicrocodeCoverageTest#cmdProfileAllNonNopOpcodesMatchMicrocodeCycleCount; test.cpu.Cpu65c02MicrocodeTest; test.cpu.Cpu65c02ProfileMicrocodeCoverageTest#cmdProfileAllNonNopsAreRuntimeMicroQueued,PASS
1F,NOP,IMP,1,1,docs/cmd_g65sc02_page9_nops_measured_cycles.csv + src/core/cpu/cpu8/Cpu65c02Cmd.java,test.cpu.Cpu65c02ProfileMicrocodeCoverageTest#cmdProfileNopOpcodesMatchMicrocodeCycleCount; test.cpu.Cpu65c02CycleTimingTest#cmdProfileAllMeasuredNopCyclesMatchHardwareTable,PASS
20,JSR,ABS,3,6,src/core/cpu/cpu8/Cpu65c02Opcode.java + src/core/cpu/cpu8/Cpu65c02Microcode.java,test.cpu.Cpu65c02ProfileMicrocodeCoverageTest#cmdProfileAllNonNopOpcodesMatchMicrocodeCycleCount; test.cpu.Cpu65c02MicrocodeTest; test.cpu.Cpu65c02ProfileMicrocodeCoverageTest#cmdProfileAllNonNopsAreRuntimeMicroQueued,PASS
21,AND,IND_X,2,6,src/core/cpu/cpu8/Cpu65c02Opcode.java + src/core/cpu/cpu8/Cpu65c02Microcode.java,test.cpu.Cpu65c02ProfileMicrocodeCoverageTest#cmdProfileAllNonNopOpcodesMatchMicrocodeCycleCount; test.cpu.Cpu65c02MicrocodeTest; test.cpu.Cpu65c02ProfileMicrocodeCoverageTest#cmdProfileAllNonNopsAreRuntimeMicroQueued,PASS
22,NOP,IMP,2,2,docs/cmd_g65sc02_page9_nops_measured_cycles.csv + src/core/cpu/cpu8/Cpu65c02Cmd.java,test.cpu.Cpu65c02ProfileMicrocodeCoverageTest#cmdProfileNopOpcodesMatchMicrocodeCycleCount; test.cpu.Cpu65c02CycleTimingTest#cmdProfileAllMeasuredNopCyclesMatchHardwareTable,PASS
23,NOP,IMP,1,1,docs/cmd_g65sc02_page9_nops_measured_cycles.csv + src/core/cpu/cpu8/Cpu65c02Cmd.java,test.cpu.Cpu65c02ProfileMicrocodeCoverageTest#cmdProfileNopOpcodesMatchMicrocodeCycleCount; test.cpu.Cpu65c02CycleTimingTest#cmdProfileAllMeasuredNopCyclesMatchHardwareTable,PASS
24,BIT,ZPG,2,3,src/core/cpu/cpu8/Cpu65c02Opcode.java + src/core/cpu/cpu8/Cpu65c02Microcode.java,test.cpu.Cpu65c02ProfileMicrocodeCoverageTest#cmdProfileAllNonNopOpcodesMatchMicrocodeCycleCount; test.cpu.Cpu65c02MicrocodeTest; test.cpu.Cpu65c02ProfileMicrocodeCoverageTest#cmdProfileAllNonNopsAreRuntimeMicroQueued,PASS
25,AND,ZPG,2,3,src/core/cpu/cpu8/Cpu65c02Opcode.java + src/core/cpu/cpu8/Cpu65c02Microcode.java,test.cpu.Cpu65c02ProfileMicrocodeCoverageTest#cmdProfileAllNonNopOpcodesMatchMicrocodeCycleCount; test.cpu.Cpu65c02MicrocodeTest; test.cpu.Cpu65c02ProfileMicrocodeCoverageTest#cmdProfileAllNonNopsAreRuntimeMicroQueued,PASS
26,ROL,ZPG,2,5,src/core/cpu/cpu8/Cpu65c02Opcode.java + src/core/cpu/cpu8/Cpu65c02Microcode.java,test.cpu.Cpu65c02ProfileMicrocodeCoverageTest#cmdProfileAllNonNopOpcodesMatchMicrocodeCycleCount; test.cpu.Cpu65c02MicrocodeTest; test.cpu.Cpu65c02ProfileMicrocodeCoverageTest#cmdProfileAllNonNopsAreRuntimeMicroQueued,PASS
27,NOP,IMP,1,1,docs/cmd_g65sc02_page9_nops_measured_cycles.csv + src/core/cpu/cpu8/Cpu65c02Cmd.java,test.cpu.Cpu65c02ProfileMicrocodeCoverageTest#cmdProfileNopOpcodesMatchMicrocodeCycleCount; test.cpu.Cpu65c02CycleTimingTest#cmdProfileAllMeasuredNopCyclesMatchHardwareTable,PASS
28,PLP,IMP,1,4,src/core/cpu/cpu8/Cpu65c02Opcode.java + src/core/cpu/cpu8/Cpu65c02Microcode.java,test.cpu.Cpu65c02ProfileMicrocodeCoverageTest#cmdProfileAllNonNopOpcodesMatchMicrocodeCycleCount; test.cpu.Cpu65c02MicrocodeTest; test.cpu.Cpu65c02ProfileMicrocodeCoverageTest#cmdProfileAllNonNopsAreRuntimeMicroQueued,PASS
29,AND,IMM,2,2,src/core/cpu/cpu8/Cpu65c02Opcode.java + src/core/cpu/cpu8/Cpu65c02Microcode.java,test.cpu.Cpu65c02ProfileMicrocodeCoverageTest#cmdProfileAllNonNopOpcodesMatchMicrocodeCycleCount; test.cpu.Cpu65c02MicrocodeTest; test.cpu.Cpu65c02ProfileMicrocodeCoverageTest#cmdProfileAllNonNopsAreRuntimeMicroQueued,PASS
2A,ROL,ACC,1,2,src/core/cpu/cpu8/Cpu65c02Opcode.java + src/core/cpu/cpu8/Cpu65c02Microcode.java,test.cpu.Cpu65c02ProfileMicrocodeCoverageTest#cmdProfileAllNonNopOpcodesMatchMicrocodeCycleCount; test.cpu.Cpu65c02MicrocodeTest; test.cpu.Cpu65c02ProfileMicrocodeCoverageTest#cmdProfileAllNonNopsAreRuntimeMicroQueued,PASS
2B,NOP,IMP,1,1,docs/cmd_g65sc02_page9_nops_measured_cycles.csv + src/core/cpu/cpu8/Cpu65c02Cmd.java,test.cpu.Cpu65c02ProfileMicrocodeCoverageTest#cmdProfileNopOpcodesMatchMicrocodeCycleCount; test.cpu.Cpu65c02CycleTimingTest#cmdProfileAllMeasuredNopCyclesMatchHardwareTable,PASS
2C,BIT,ABS,3,4,src/core/cpu/cpu8/Cpu65c02Opcode.java + src/core/cpu/cpu8/Cpu65c02Microcode.java,test.cpu.Cpu65c02ProfileMicrocodeCoverageTest#cmdProfileAllNonNopOpcodesMatchMicrocodeCycleCount; test.cpu.Cpu65c02MicrocodeTest; test.cpu.Cpu65c02ProfileMicrocodeCoverageTest#cmdProfileAllNonNopsAreRuntimeMicroQueued,PASS
2D,AND,ABS,3,4,src/core/cpu/cpu8/Cpu65c02Opcode.java + src/core/cpu/cpu8/Cpu65c02Microcode.java,test.cpu.Cpu65c02ProfileMicrocodeCoverageTest#cmdProfileAllNonNopOpcodesMatchMicrocodeCycleCount; test.cpu.Cpu65c02MicrocodeTest; test.cpu.Cpu65c02ProfileMicrocodeCoverageTest#cmdProfileAllNonNopsAreRuntimeMicroQueued,PASS
2E,ROL,ABS,3,6,src/core/cpu/cpu8/Cpu65c02Opcode.java + src/core/cpu/cpu8/Cpu65c02Microcode.java,test.cpu.Cpu65c02ProfileMicrocodeCoverageTest#cmdProfileAllNonNopOpcodesMatchMicrocodeCycleCount; test.cpu.Cpu65c02MicrocodeTest; test.cpu.Cpu65c02ProfileMicrocodeCoverageTest#cmdProfileAllNonNopsAreRuntimeMicroQueued,PASS
2F,NOP,IMP,1,1,docs/cmd_g65sc02_page9_nops_measured_cycles.csv + src/core/cpu/cpu8/Cpu65c02Cmd.java,test.cpu.Cpu65c02ProfileMicrocodeCoverageTest#cmdProfileNopOpcodesMatchMicrocodeCycleCount; test.cpu.Cpu65c02CycleTimingTest#cmdProfileAllMeasuredNopCyclesMatchHardwareTable,PASS
30,BMI,REL,2,2,src/core/cpu/cpu8/Cpu65c02Opcode.java + src/core/cpu/cpu8/Cpu65c02Microcode.java,test.cpu.Cpu65c02ProfileMicrocodeCoverageTest#cmdProfileAllNonNopOpcodesMatchMicrocodeCycleCount; test.cpu.Cpu65c02MicrocodeTest; test.cpu.Cpu65c02ProfileMicrocodeCoverageTest#cmdProfileAllNonNopsAreRuntimeMicroQueued,PASS
31,AND,IND_Y,2,5,src/core/cpu/cpu8/Cpu65c02Opcode.java + src/core/cpu/cpu8/Cpu65c02Microcode.java,test.cpu.Cpu65c02ProfileMicrocodeCoverageTest#cmdProfileAllNonNopOpcodesMatchMicrocodeCycleCount; test.cpu.Cpu65c02MicrocodeTest; test.cpu.Cpu65c02ProfileMicrocodeCoverageTest#cmdProfileAllNonNopsAreRuntimeMicroQueued,PASS
32,AND,ZPG_IND,2,5,src/core/cpu/cpu8/Cpu65c02Opcode.java + src/core/cpu/cpu8/Cpu65c02Microcode.java,test.cpu.Cpu65c02ProfileMicrocodeCoverageTest#cmdProfileAllNonNopOpcodesMatchMicrocodeCycleCount; test.cpu.Cpu65c02MicrocodeTest; test.cpu.Cpu65c02ProfileMicrocodeCoverageTest#cmdProfileAllNonNopsAreRuntimeMicroQueued,PASS
33,NOP,IMP,1,1,docs/cmd_g65sc02_page9_nops_measured_cycles.csv + src/core/cpu/cpu8/Cpu65c02Cmd.java,test.cpu.Cpu65c02ProfileMicrocodeCoverageTest#cmdProfileNopOpcodesMatchMicrocodeCycleCount; test.cpu.Cpu65c02CycleTimingTest#cmdProfileAllMeasuredNopCyclesMatchHardwareTable,PASS
34,BIT,ZPG_X,2,4,src/core/cpu/cpu8/Cpu65c02Opcode.java + src/core/cpu/cpu8/Cpu65c02Microcode.java,test.cpu.Cpu65c02ProfileMicrocodeCoverageTest#cmdProfileAllNonNopOpcodesMatchMicrocodeCycleCount; test.cpu.Cpu65c02MicrocodeTest; test.cpu.Cpu65c02ProfileMicrocodeCoverageTest#cmdProfileAllNonNopsAreRuntimeMicroQueued,PASS
35,AND,ZPG_X,2,4,src/core/cpu/cpu8/Cpu65c02Opcode.java + src/core/cpu/cpu8/Cpu65c02Microcode.java,test.cpu.Cpu65c02ProfileMicrocodeCoverageTest#cmdProfileAllNonNopOpcodesMatchMicrocodeCycleCount; test.cpu.Cpu65c02MicrocodeTest; test.cpu.Cpu65c02ProfileMicrocodeCoverageTest#cmdProfileAllNonNopsAreRuntimeMicroQueued,PASS
36,ROL,ZPG_X,2,6,src/core/cpu/cpu8/Cpu65c02Opcode.java + src/core/cpu/cpu8/Cpu65c02Microcode.java,test.cpu.Cpu65c02ProfileMicrocodeCoverageTest#cmdProfileAllNonNopOpcodesMatchMicrocodeCycleCount; test.cpu.Cpu65c02MicrocodeTest; test.cpu.Cpu65c02ProfileMicrocodeCoverageTest#cmdProfileAllNonNopsAreRuntimeMicroQueued,PASS
37,NOP,IMP,1,1,docs/cmd_g65sc02_page9_nops_measured_cycles.csv + src/core/cpu/cpu8/Cpu65c02Cmd.java,test.cpu.Cpu65c02ProfileMicrocodeCoverageTest#cmdProfileNopOpcodesMatchMicrocodeCycleCount; test.cpu.Cpu65c02CycleTimingTest#cmdProfileAllMeasuredNopCyclesMatchHardwareTable,PASS
38,SEC,IMP,1,2,src/core/cpu/cpu8/Cpu65c02Opcode.java + src/core/cpu/cpu8/Cpu65c02Microcode.java,test.cpu.Cpu65c02ProfileMicrocodeCoverageTest#cmdProfileAllNonNopOpcodesMatchMicrocodeCycleCount; test.cpu.Cpu65c02MicrocodeTest; test.cpu.Cpu65c02ProfileMicrocodeCoverageTest#cmdProfileAllNonNopsAreRuntimeMicroQueued,PASS
39,AND,ABS_Y,3,4,src/core/cpu/cpu8/Cpu65c02Opcode.java + src/core/cpu/cpu8/Cpu65c02Microcode.java,test.cpu.Cpu65c02ProfileMicrocodeCoverageTest#cmdProfileAllNonNopOpcodesMatchMicrocodeCycleCount; test.cpu.Cpu65c02MicrocodeTest; test.cpu.Cpu65c02ProfileMicrocodeCoverageTest#cmdProfileAllNonNopsAreRuntimeMicroQueued,PASS
3A,DEA,ACC,1,2,src/core/cpu/cpu8/Cpu65c02Opcode.java + src/core/cpu/cpu8/Cpu65c02Microcode.java,test.cpu.Cpu65c02ProfileMicrocodeCoverageTest#cmdProfileAllNonNopOpcodesMatchMicrocodeCycleCount; test.cpu.Cpu65c02MicrocodeTest; test.cpu.Cpu65c02ProfileMicrocodeCoverageTest#cmdProfileAllNonNopsAreRuntimeMicroQueued,PASS
3B,NOP,IMP,1,1,docs/cmd_g65sc02_page9_nops_measured_cycles.csv + src/core/cpu/cpu8/Cpu65c02Cmd.java,test.cpu.Cpu65c02ProfileMicrocodeCoverageTest#cmdProfileNopOpcodesMatchMicrocodeCycleCount; test.cpu.Cpu65c02CycleTimingTest#cmdProfileAllMeasuredNopCyclesMatchHardwareTable,PASS
3C,BIT,ABS_X,3,4,src/core/cpu/cpu8/Cpu65c02Opcode.java + src/core/cpu/cpu8/Cpu65c02Microcode.java,test.cpu.Cpu65c02ProfileMicrocodeCoverageTest#cmdProfileAllNonNopOpcodesMatchMicrocodeCycleCount; test.cpu.Cpu65c02MicrocodeTest; test.cpu.Cpu65c02ProfileMicrocodeCoverageTest#cmdProfileAllNonNopsAreRuntimeMicroQueued,PASS
3D,AND,ABS_X,3,4,src/core/cpu/cpu8/Cpu65c02Opcode.java + src/core/cpu/cpu8/Cpu65c02Microcode.java,test.cpu.Cpu65c02ProfileMicrocodeCoverageTest#cmdProfileAllNonNopOpcodesMatchMicrocodeCycleCount; test.cpu.Cpu65c02MicrocodeTest; test.cpu.Cpu65c02ProfileMicrocodeCoverageTest#cmdProfileAllNonNopsAreRuntimeMicroQueued,PASS
3E,ROL,ABS_X,3,6,src/core/cpu/cpu8/Cpu65c02Opcode.java + src/core/cpu/cpu8/Cpu65c02Microcode.java,test.cpu.Cpu65c02ProfileMicrocodeCoverageTest#cmdProfileAllNonNopOpcodesMatchMicrocodeCycleCount; test.cpu.Cpu65c02MicrocodeTest; test.cpu.Cpu65c02ProfileMicrocodeCoverageTest#cmdProfileAllNonNopsAreRuntimeMicroQueued,PASS
3F,NOP,IMP,1,1,docs/cmd_g65sc02_page9_nops_measured_cycles.csv + src/core/cpu/cpu8/Cpu65c02Cmd.java,test.cpu.Cpu65c02ProfileMicrocodeCoverageTest#cmdProfileNopOpcodesMatchMicrocodeCycleCount; test.cpu.Cpu65c02CycleTimingTest#cmdProfileAllMeasuredNopCyclesMatchHardwareTable,PASS
40,RTI,IMP,1,6,src/core/cpu/cpu8/Cpu65c02Opcode.java + src/core/cpu/cpu8/Cpu65c02Microcode.java,test.cpu.Cpu65c02ProfileMicrocodeCoverageTest#cmdProfileAllNonNopOpcodesMatchMicrocodeCycleCount; test.cpu.Cpu65c02MicrocodeTest; test.cpu.Cpu65c02ProfileMicrocodeCoverageTest#cmdProfileAllNonNopsAreRuntimeMicroQueued,PASS
41,EOR,IND_X,2,6,src/core/cpu/cpu8/Cpu65c02Opcode.java + src/core/cpu/cpu8/Cpu65c02Microcode.java,test.cpu.Cpu65c02ProfileMicrocodeCoverageTest#cmdProfileAllNonNopOpcodesMatchMicrocodeCycleCount; test.cpu.Cpu65c02MicrocodeTest; test.cpu.Cpu65c02ProfileMicrocodeCoverageTest#cmdProfileAllNonNopsAreRuntimeMicroQueued,PASS
42,NOP,IMP,2,2,docs/cmd_g65sc02_page9_nops_measured_cycles.csv + src/core/cpu/cpu8/Cpu65c02Cmd.java,test.cpu.Cpu65c02ProfileMicrocodeCoverageTest#cmdProfileNopOpcodesMatchMicrocodeCycleCount; test.cpu.Cpu65c02CycleTimingTest#cmdProfileAllMeasuredNopCyclesMatchHardwareTable,PASS
43,NOP,IMP,1,1,docs/cmd_g65sc02_page9_nops_measured_cycles.csv + src/core/cpu/cpu8/Cpu65c02Cmd.java,test.cpu.Cpu65c02ProfileMicrocodeCoverageTest#cmdProfileNopOpcodesMatchMicrocodeCycleCount; test.cpu.Cpu65c02CycleTimingTest#cmdProfileAllMeasuredNopCyclesMatchHardwareTable,PASS
44,NOP,IMP,2,3,docs/cmd_g65sc02_page9_nops_measured_cycles.csv + src/core/cpu/cpu8/Cpu65c02Cmd.java,test.cpu.Cpu65c02ProfileMicrocodeCoverageTest#cmdProfileNopOpcodesMatchMicrocodeCycleCount; test.cpu.Cpu65c02CycleTimingTest#cmdProfileAllMeasuredNopCyclesMatchHardwareTable,PASS
45,EOR,ZPG,2,3,src/core/cpu/cpu8/Cpu65c02Opcode.java + src/core/cpu/cpu8/Cpu65c02Microcode.java,test.cpu.Cpu65c02ProfileMicrocodeCoverageTest#cmdProfileAllNonNopOpcodesMatchMicrocodeCycleCount; test.cpu.Cpu65c02MicrocodeTest; test.cpu.Cpu65c02ProfileMicrocodeCoverageTest#cmdProfileAllNonNopsAreRuntimeMicroQueued,PASS
46,LSR,ZPG,2,5,src/core/cpu/cpu8/Cpu65c02Opcode.java + src/core/cpu/cpu8/Cpu65c02Microcode.java,test.cpu.Cpu65c02ProfileMicrocodeCoverageTest#cmdProfileAllNonNopOpcodesMatchMicrocodeCycleCount; test.cpu.Cpu65c02MicrocodeTest; test.cpu.Cpu65c02ProfileMicrocodeCoverageTest#cmdProfileAllNonNopsAreRuntimeMicroQueued,PASS
47,NOP,IMP,1,1,docs/cmd_g65sc02_page9_nops_measured_cycles.csv + src/core/cpu/cpu8/Cpu65c02Cmd.java,test.cpu.Cpu65c02ProfileMicrocodeCoverageTest#cmdProfileNopOpcodesMatchMicrocodeCycleCount; test.cpu.Cpu65c02CycleTimingTest#cmdProfileAllMeasuredNopCyclesMatchHardwareTable,PASS
48,PHA,IMP,1,3,src/core/cpu/cpu8/Cpu65c02Opcode.java + src/core/cpu/cpu8/Cpu65c02Microcode.java,test.cpu.Cpu65c02ProfileMicrocodeCoverageTest#cmdProfileAllNonNopOpcodesMatchMicrocodeCycleCount; test.cpu.Cpu65c02MicrocodeTest; test.cpu.Cpu65c02ProfileMicrocodeCoverageTest#cmdProfileAllNonNopsAreRuntimeMicroQueued,PASS
49,EOR,IMM,2,2,src/core/cpu/cpu8/Cpu65c02Opcode.java + src/core/cpu/cpu8/Cpu65c02Microcode.java,test.cpu.Cpu65c02ProfileMicrocodeCoverageTest#cmdProfileAllNonNopOpcodesMatchMicrocodeCycleCount; test.cpu.Cpu65c02MicrocodeTest; test.cpu.Cpu65c02ProfileMicrocodeCoverageTest#cmdProfileAllNonNopsAreRuntimeMicroQueued,PASS
4A,LSR,ACC,1,2,src/core/cpu/cpu8/Cpu65c02Opcode.java + src/core/cpu/cpu8/Cpu65c02Microcode.java,test.cpu.Cpu65c02ProfileMicrocodeCoverageTest#cmdProfileAllNonNopOpcodesMatchMicrocodeCycleCount; test.cpu.Cpu65c02MicrocodeTest; test.cpu.Cpu65c02ProfileMicrocodeCoverageTest#cmdProfileAllNonNopsAreRuntimeMicroQueued,PASS
4B,NOP,IMP,1,1,docs/cmd_g65sc02_page9_nops_measured_cycles.csv + src/core/cpu/cpu8/Cpu65c02Cmd.java,test.cpu.Cpu65c02ProfileMicrocodeCoverageTest#cmdProfileNopOpcodesMatchMicrocodeCycleCount; test.cpu.Cpu65c02CycleTimingTest#cmdProfileAllMeasuredNopCyclesMatchHardwareTable,PASS
4C,JMP,ABS,3,3,src/core/cpu/cpu8/Cpu65c02Opcode.java + src/core/cpu/cpu8/Cpu65c02Microcode.java,test.cpu.Cpu65c02ProfileMicrocodeCoverageTest#cmdProfileAllNonNopOpcodesMatchMicrocodeCycleCount; test.cpu.Cpu65c02MicrocodeTest; test.cpu.Cpu65c02ProfileMicrocodeCoverageTest#cmdProfileAllNonNopsAreRuntimeMicroQueued,PASS
4D,EOR,ABS,3,4,src/core/cpu/cpu8/Cpu65c02Opcode.java + src/core/cpu/cpu8/Cpu65c02Microcode.java,test.cpu.Cpu65c02ProfileMicrocodeCoverageTest#cmdProfileAllNonNopOpcodesMatchMicrocodeCycleCount; test.cpu.Cpu65c02MicrocodeTest; test.cpu.Cpu65c02ProfileMicrocodeCoverageTest#cmdProfileAllNonNopsAreRuntimeMicroQueued,PASS
4E,LSR,ABS,3,6,src/core/cpu/cpu8/Cpu65c02Opcode.java + src/core/cpu/cpu8/Cpu65c02Microcode.java,test.cpu.Cpu65c02ProfileMicrocodeCoverageTest#cmdProfileAllNonNopOpcodesMatchMicrocodeCycleCount; test.cpu.Cpu65c02MicrocodeTest; test.cpu.Cpu65c02ProfileMicrocodeCoverageTest#cmdProfileAllNonNopsAreRuntimeMicroQueued,PASS
4F,NOP,IMP,1,1,docs/cmd_g65sc02_page9_nops_measured_cycles.csv + src/core/cpu/cpu8/Cpu65c02Cmd.java,test.cpu.Cpu65c02ProfileMicrocodeCoverageTest#cmdProfileNopOpcodesMatchMicrocodeCycleCount; test.cpu.Cpu65c02CycleTimingTest#cmdProfileAllMeasuredNopCyclesMatchHardwareTable,PASS
50,BVC,REL,2,2,src/core/cpu/cpu8/Cpu65c02Opcode.java + src/core/cpu/cpu8/Cpu65c02Microcode.java,test.cpu.Cpu65c02ProfileMicrocodeCoverageTest#cmdProfileAllNonNopOpcodesMatchMicrocodeCycleCount; test.cpu.Cpu65c02MicrocodeTest; test.cpu.Cpu65c02ProfileMicrocodeCoverageTest#cmdProfileAllNonNopsAreRuntimeMicroQueued,PASS
51,EOR,IND_Y,2,5,src/core/cpu/cpu8/Cpu65c02Opcode.java + src/core/cpu/cpu8/Cpu65c02Microcode.java,test.cpu.Cpu65c02ProfileMicrocodeCoverageTest#cmdProfileAllNonNopOpcodesMatchMicrocodeCycleCount; test.cpu.Cpu65c02MicrocodeTest; test.cpu.Cpu65c02ProfileMicrocodeCoverageTest#cmdProfileAllNonNopsAreRuntimeMicroQueued,PASS
52,EOR,ZPG_IND,2,5,src/core/cpu/cpu8/Cpu65c02Opcode.java + src/core/cpu/cpu8/Cpu65c02Microcode.java,test.cpu.Cpu65c02ProfileMicrocodeCoverageTest#cmdProfileAllNonNopOpcodesMatchMicrocodeCycleCount; test.cpu.Cpu65c02MicrocodeTest; test.cpu.Cpu65c02ProfileMicrocodeCoverageTest#cmdProfileAllNonNopsAreRuntimeMicroQueued,PASS
53,NOP,IMP,1,1,docs/cmd_g65sc02_page9_nops_measured_cycles.csv + src/core/cpu/cpu8/Cpu65c02Cmd.java,test.cpu.Cpu65c02ProfileMicrocodeCoverageTest#cmdProfileNopOpcodesMatchMicrocodeCycleCount; test.cpu.Cpu65c02CycleTimingTest#cmdProfileAllMeasuredNopCyclesMatchHardwareTable,PASS
54,NOP,IMP,2,4,docs/cmd_g65sc02_page9_nops_measured_cycles.csv + src/core/cpu/cpu8/Cpu65c02Cmd.java,test.cpu.Cpu65c02ProfileMicrocodeCoverageTest#cmdProfileNopOpcodesMatchMicrocodeCycleCount; test.cpu.Cpu65c02CycleTimingTest#cmdProfileAllMeasuredNopCyclesMatchHardwareTable,PASS
55,EOR,ZPG_X,2,4,src/core/cpu/cpu8/Cpu65c02Opcode.java + src/core/cpu/cpu8/Cpu65c02Microcode.java,test.cpu.Cpu65c02ProfileMicrocodeCoverageTest#cmdProfileAllNonNopOpcodesMatchMicrocodeCycleCount; test.cpu.Cpu65c02MicrocodeTest; test.cpu.Cpu65c02ProfileMicrocodeCoverageTest#cmdProfileAllNonNopsAreRuntimeMicroQueued,PASS
56,LSR,ZPG_X,2,6,src/core/cpu/cpu8/Cpu65c02Opcode.java + src/core/cpu/cpu8/Cpu65c02Microcode.java,test.cpu.Cpu65c02ProfileMicrocodeCoverageTest#cmdProfileAllNonNopOpcodesMatchMicrocodeCycleCount; test.cpu.Cpu65c02MicrocodeTest; test.cpu.Cpu65c02ProfileMicrocodeCoverageTest#cmdProfileAllNonNopsAreRuntimeMicroQueued,PASS
57,NOP,IMP,1,1,docs/cmd_g65sc02_page9_nops_measured_cycles.csv + src/core/cpu/cpu8/Cpu65c02Cmd.java,test.cpu.Cpu65c02ProfileMicrocodeCoverageTest#cmdProfileNopOpcodesMatchMicrocodeCycleCount; test.cpu.Cpu65c02CycleTimingTest#cmdProfileAllMeasuredNopCyclesMatchHardwareTable,PASS
58,CLI,IMP,1,2,src/core/cpu/cpu8/Cpu65c02Opcode.java + src/core/cpu/cpu8/Cpu65c02Microcode.java,test.cpu.Cpu65c02ProfileMicrocodeCoverageTest#cmdProfileAllNonNopOpcodesMatchMicrocodeCycleCount; test.cpu.Cpu65c02MicrocodeTest; test.cpu.Cpu65c02ProfileMicrocodeCoverageTest#cmdProfileAllNonNopsAreRuntimeMicroQueued,PASS
59,EOR,ABS_Y,3,4,src/core/cpu/cpu8/Cpu65c02Opcode.java + src/core/cpu/cpu8/Cpu65c02Microcode.java,test.cpu.Cpu65c02ProfileMicrocodeCoverageTest#cmdProfileAllNonNopOpcodesMatchMicrocodeCycleCount; test.cpu.Cpu65c02MicrocodeTest; test.cpu.Cpu65c02ProfileMicrocodeCoverageTest#cmdProfileAllNonNopsAreRuntimeMicroQueued,PASS
5A,PHY,IMP,1,3,src/core/cpu/cpu8/Cpu65c02Opcode.java + src/core/cpu/cpu8/Cpu65c02Microcode.java,test.cpu.Cpu65c02ProfileMicrocodeCoverageTest#cmdProfileAllNonNopOpcodesMatchMicrocodeCycleCount; test.cpu.Cpu65c02MicrocodeTest; test.cpu.Cpu65c02ProfileMicrocodeCoverageTest#cmdProfileAllNonNopsAreRuntimeMicroQueued,PASS
5B,NOP,IMP,1,1,docs/cmd_g65sc02_page9_nops_measured_cycles.csv + src/core/cpu/cpu8/Cpu65c02Cmd.java,test.cpu.Cpu65c02ProfileMicrocodeCoverageTest#cmdProfileNopOpcodesMatchMicrocodeCycleCount; test.cpu.Cpu65c02CycleTimingTest#cmdProfileAllMeasuredNopCyclesMatchHardwareTable,PASS
5C,NOP,IMP,3,8,docs/cmd_g65sc02_page9_nops_measured_cycles.csv + src/core/cpu/cpu8/Cpu65c02Cmd.java,test.cpu.Cpu65c02ProfileMicrocodeCoverageTest#cmdProfileNopOpcodesMatchMicrocodeCycleCount; test.cpu.Cpu65c02CycleTimingTest#cmdProfileAllMeasuredNopCyclesMatchHardwareTable,PASS
5D,EOR,ABS_X,3,4,src/core/cpu/cpu8/Cpu65c02Opcode.java + src/core/cpu/cpu8/Cpu65c02Microcode.java,test.cpu.Cpu65c02ProfileMicrocodeCoverageTest#cmdProfileAllNonNopOpcodesMatchMicrocodeCycleCount; test.cpu.Cpu65c02MicrocodeTest; test.cpu.Cpu65c02ProfileMicrocodeCoverageTest#cmdProfileAllNonNopsAreRuntimeMicroQueued,PASS
5E,LSR,ABS_X,3,6,src/core/cpu/cpu8/Cpu65c02Opcode.java + src/core/cpu/cpu8/Cpu65c02Microcode.java,test.cpu.Cpu65c02ProfileMicrocodeCoverageTest#cmdProfileAllNonNopOpcodesMatchMicrocodeCycleCount; test.cpu.Cpu65c02MicrocodeTest; test.cpu.Cpu65c02ProfileMicrocodeCoverageTest#cmdProfileAllNonNopsAreRuntimeMicroQueued,PASS
5F,NOP,IMP,1,1,docs/cmd_g65sc02_page9_nops_measured_cycles.csv + src/core/cpu/cpu8/Cpu65c02Cmd.java,test.cpu.Cpu65c02ProfileMicrocodeCoverageTest#cmdProfileNopOpcodesMatchMicrocodeCycleCount; test.cpu.Cpu65c02CycleTimingTest#cmdProfileAllMeasuredNopCyclesMatchHardwareTable,PASS
60,RTS,IMP,1,6,src/core/cpu/cpu8/Cpu65c02Opcode.java + src/core/cpu/cpu8/Cpu65c02Microcode.java,test.cpu.Cpu65c02ProfileMicrocodeCoverageTest#cmdProfileAllNonNopOpcodesMatchMicrocodeCycleCount; test.cpu.Cpu65c02MicrocodeTest; test.cpu.Cpu65c02ProfileMicrocodeCoverageTest#cmdProfileAllNonNopsAreRuntimeMicroQueued,PASS
61,ADC,IND_X,2,6,src/core/cpu/cpu8/Cpu65c02Opcode.java + src/core/cpu/cpu8/Cpu65c02Microcode.java,test.cpu.Cpu65c02ProfileMicrocodeCoverageTest#cmdProfileAllNonNopOpcodesMatchMicrocodeCycleCount; test.cpu.Cpu65c02MicrocodeTest; test.cpu.Cpu65c02ProfileMicrocodeCoverageTest#cmdProfileAllNonNopsAreRuntimeMicroQueued,PASS
62,NOP,IMP,2,2,docs/cmd_g65sc02_page9_nops_measured_cycles.csv + src/core/cpu/cpu8/Cpu65c02Cmd.java,test.cpu.Cpu65c02ProfileMicrocodeCoverageTest#cmdProfileNopOpcodesMatchMicrocodeCycleCount; test.cpu.Cpu65c02CycleTimingTest#cmdProfileAllMeasuredNopCyclesMatchHardwareTable,PASS
63,NOP,IMP,1,1,docs/cmd_g65sc02_page9_nops_measured_cycles.csv + src/core/cpu/cpu8/Cpu65c02Cmd.java,test.cpu.Cpu65c02ProfileMicrocodeCoverageTest#cmdProfileNopOpcodesMatchMicrocodeCycleCount; test.cpu.Cpu65c02CycleTimingTest#cmdProfileAllMeasuredNopCyclesMatchHardwareTable,PASS
64,STZ,ZPG,2,3,src/core/cpu/cpu8/Cpu65c02Opcode.java + src/core/cpu/cpu8/Cpu65c02Microcode.java,test.cpu.Cpu65c02ProfileMicrocodeCoverageTest#cmdProfileAllNonNopOpcodesMatchMicrocodeCycleCount; test.cpu.Cpu65c02MicrocodeTest; test.cpu.Cpu65c02ProfileMicrocodeCoverageTest#cmdProfileAllNonNopsAreRuntimeMicroQueued,PASS
65,ADC,ZPG,2,3,src/core/cpu/cpu8/Cpu65c02Opcode.java + src/core/cpu/cpu8/Cpu65c02Microcode.java,test.cpu.Cpu65c02ProfileMicrocodeCoverageTest#cmdProfileAllNonNopOpcodesMatchMicrocodeCycleCount; test.cpu.Cpu65c02MicrocodeTest; test.cpu.Cpu65c02ProfileMicrocodeCoverageTest#cmdProfileAllNonNopsAreRuntimeMicroQueued,PASS
66,ROR,ZPG,2,5,src/core/cpu/cpu8/Cpu65c02Opcode.java + src/core/cpu/cpu8/Cpu65c02Microcode.java,test.cpu.Cpu65c02ProfileMicrocodeCoverageTest#cmdProfileAllNonNopOpcodesMatchMicrocodeCycleCount; test.cpu.Cpu65c02MicrocodeTest; test.cpu.Cpu65c02ProfileMicrocodeCoverageTest#cmdProfileAllNonNopsAreRuntimeMicroQueued,PASS
67,NOP,IMP,1,1,docs/cmd_g65sc02_page9_nops_measured_cycles.csv + src/core/cpu/cpu8/Cpu65c02Cmd.java,test.cpu.Cpu65c02ProfileMicrocodeCoverageTest#cmdProfileNopOpcodesMatchMicrocodeCycleCount; test.cpu.Cpu65c02CycleTimingTest#cmdProfileAllMeasuredNopCyclesMatchHardwareTable,PASS
68,PLA,IMP,1,4,src/core/cpu/cpu8/Cpu65c02Opcode.java + src/core/cpu/cpu8/Cpu65c02Microcode.java,test.cpu.Cpu65c02ProfileMicrocodeCoverageTest#cmdProfileAllNonNopOpcodesMatchMicrocodeCycleCount; test.cpu.Cpu65c02MicrocodeTest; test.cpu.Cpu65c02ProfileMicrocodeCoverageTest#cmdProfileAllNonNopsAreRuntimeMicroQueued,PASS
69,ADC,IMM,2,2,src/core/cpu/cpu8/Cpu65c02Opcode.java + src/core/cpu/cpu8/Cpu65c02Microcode.java,test.cpu.Cpu65c02ProfileMicrocodeCoverageTest#cmdProfileAllNonNopOpcodesMatchMicrocodeCycleCount; test.cpu.Cpu65c02MicrocodeTest; test.cpu.Cpu65c02ProfileMicrocodeCoverageTest#cmdProfileAllNonNopsAreRuntimeMicroQueued,PASS
6A,ROR,ACC,1,2,src/core/cpu/cpu8/Cpu65c02Opcode.java + src/core/cpu/cpu8/Cpu65c02Microcode.java,test.cpu.Cpu65c02ProfileMicrocodeCoverageTest#cmdProfileAllNonNopOpcodesMatchMicrocodeCycleCount; test.cpu.Cpu65c02MicrocodeTest; test.cpu.Cpu65c02ProfileMicrocodeCoverageTest#cmdProfileAllNonNopsAreRuntimeMicroQueued,PASS
6B,NOP,IMP,1,1,docs/cmd_g65sc02_page9_nops_measured_cycles.csv + src/core/cpu/cpu8/Cpu65c02Cmd.java,test.cpu.Cpu65c02ProfileMicrocodeCoverageTest#cmdProfileNopOpcodesMatchMicrocodeCycleCount; test.cpu.Cpu65c02CycleTimingTest#cmdProfileAllMeasuredNopCyclesMatchHardwareTable,PASS
6C,JMP,ABS_IND,3,6,src/core/cpu/cpu8/Cpu65c02Opcode.java + src/core/cpu/cpu8/Cpu65c02Microcode.java,test.cpu.Cpu65c02ProfileMicrocodeCoverageTest#cmdProfileAllNonNopOpcodesMatchMicrocodeCycleCount; test.cpu.Cpu65c02MicrocodeTest; test.cpu.Cpu65c02ProfileMicrocodeCoverageTest#cmdProfileAllNonNopsAreRuntimeMicroQueued,PASS
6D,ADC,ABS,3,4,src/core/cpu/cpu8/Cpu65c02Opcode.java + src/core/cpu/cpu8/Cpu65c02Microcode.java,test.cpu.Cpu65c02ProfileMicrocodeCoverageTest#cmdProfileAllNonNopOpcodesMatchMicrocodeCycleCount; test.cpu.Cpu65c02MicrocodeTest; test.cpu.Cpu65c02ProfileMicrocodeCoverageTest#cmdProfileAllNonNopsAreRuntimeMicroQueued,PASS
6E,ROR,ABS,3,6,src/core/cpu/cpu8/Cpu65c02Opcode.java + src/core/cpu/cpu8/Cpu65c02Microcode.java,test.cpu.Cpu65c02ProfileMicrocodeCoverageTest#cmdProfileAllNonNopOpcodesMatchMicrocodeCycleCount; test.cpu.Cpu65c02MicrocodeTest; test.cpu.Cpu65c02ProfileMicrocodeCoverageTest#cmdProfileAllNonNopsAreRuntimeMicroQueued,PASS
6F,NOP,IMP,1,1,docs/cmd_g65sc02_page9_nops_measured_cycles.csv + src/core/cpu/cpu8/Cpu65c02Cmd.java,test.cpu.Cpu65c02ProfileMicrocodeCoverageTest#cmdProfileNopOpcodesMatchMicrocodeCycleCount; test.cpu.Cpu65c02CycleTimingTest#cmdProfileAllMeasuredNopCyclesMatchHardwareTable,PASS
70,BVS,REL,2,2,src/core/cpu/cpu8/Cpu65c02Opcode.java + src/core/cpu/cpu8/Cpu65c02Microcode.java,test.cpu.Cpu65c02ProfileMicrocodeCoverageTest#cmdProfileAllNonNopOpcodesMatchMicrocodeCycleCount; test.cpu.Cpu65c02MicrocodeTest; test.cpu.Cpu65c02ProfileMicrocodeCoverageTest#cmdProfileAllNonNopsAreRuntimeMicroQueued,PASS
71,ADC,IND_Y,2,5,src/core/cpu/cpu8/Cpu65c02Opcode.java + src/core/cpu/cpu8/Cpu65c02Microcode.java,test.cpu.Cpu65c02ProfileMicrocodeCoverageTest#cmdProfileAllNonNopOpcodesMatchMicrocodeCycleCount; test.cpu.Cpu65c02MicrocodeTest; test.cpu.Cpu65c02ProfileMicrocodeCoverageTest#cmdProfileAllNonNopsAreRuntimeMicroQueued,PASS
72,ADC,ZPG_IND,2,5,src/core/cpu/cpu8/Cpu65c02Opcode.java + src/core/cpu/cpu8/Cpu65c02Microcode.java,test.cpu.Cpu65c02ProfileMicrocodeCoverageTest#cmdProfileAllNonNopOpcodesMatchMicrocodeCycleCount; test.cpu.Cpu65c02MicrocodeTest; test.cpu.Cpu65c02ProfileMicrocodeCoverageTest#cmdProfileAllNonNopsAreRuntimeMicroQueued,PASS
73,NOP,IMP,1,1,docs/cmd_g65sc02_page9_nops_measured_cycles.csv + src/core/cpu/cpu8/Cpu65c02Cmd.java,test.cpu.Cpu65c02ProfileMicrocodeCoverageTest#cmdProfileNopOpcodesMatchMicrocodeCycleCount; test.cpu.Cpu65c02CycleTimingTest#cmdProfileAllMeasuredNopCyclesMatchHardwareTable,PASS
74,STZ,ZPG_X,2,4,src/core/cpu/cpu8/Cpu65c02Opcode.java + src/core/cpu/cpu8/Cpu65c02Microcode.java,test.cpu.Cpu65c02ProfileMicrocodeCoverageTest#cmdProfileAllNonNopOpcodesMatchMicrocodeCycleCount; test.cpu.Cpu65c02MicrocodeTest; test.cpu.Cpu65c02ProfileMicrocodeCoverageTest#cmdProfileAllNonNopsAreRuntimeMicroQueued,PASS
75,ADC,ZPG_X,2,4,src/core/cpu/cpu8/Cpu65c02Opcode.java + src/core/cpu/cpu8/Cpu65c02Microcode.java,test.cpu.Cpu65c02ProfileMicrocodeCoverageTest#cmdProfileAllNonNopOpcodesMatchMicrocodeCycleCount; test.cpu.Cpu65c02MicrocodeTest; test.cpu.Cpu65c02ProfileMicrocodeCoverageTest#cmdProfileAllNonNopsAreRuntimeMicroQueued,PASS
76,ROR,ZPG_X,2,6,src/core/cpu/cpu8/Cpu65c02Opcode.java + src/core/cpu/cpu8/Cpu65c02Microcode.java,test.cpu.Cpu65c02ProfileMicrocodeCoverageTest#cmdProfileAllNonNopOpcodesMatchMicrocodeCycleCount; test.cpu.Cpu65c02MicrocodeTest; test.cpu.Cpu65c02ProfileMicrocodeCoverageTest#cmdProfileAllNonNopsAreRuntimeMicroQueued,PASS
77,NOP,IMP,1,1,docs/cmd_g65sc02_page9_nops_measured_cycles.csv + src/core/cpu/cpu8/Cpu65c02Cmd.java,test.cpu.Cpu65c02ProfileMicrocodeCoverageTest#cmdProfileNopOpcodesMatchMicrocodeCycleCount; test.cpu.Cpu65c02CycleTimingTest#cmdProfileAllMeasuredNopCyclesMatchHardwareTable,PASS
78,SEI,IMP,1,2,src/core/cpu/cpu8/Cpu65c02Opcode.java + src/core/cpu/cpu8/Cpu65c02Microcode.java,test.cpu.Cpu65c02ProfileMicrocodeCoverageTest#cmdProfileAllNonNopOpcodesMatchMicrocodeCycleCount; test.cpu.Cpu65c02MicrocodeTest; test.cpu.Cpu65c02ProfileMicrocodeCoverageTest#cmdProfileAllNonNopsAreRuntimeMicroQueued,PASS
79,ADC,ABS_Y,3,4,src/core/cpu/cpu8/Cpu65c02Opcode.java + src/core/cpu/cpu8/Cpu65c02Microcode.java,test.cpu.Cpu65c02ProfileMicrocodeCoverageTest#cmdProfileAllNonNopOpcodesMatchMicrocodeCycleCount; test.cpu.Cpu65c02MicrocodeTest; test.cpu.Cpu65c02ProfileMicrocodeCoverageTest#cmdProfileAllNonNopsAreRuntimeMicroQueued,PASS
7A,PLY,IMP,1,4,src/core/cpu/cpu8/Cpu65c02Opcode.java + src/core/cpu/cpu8/Cpu65c02Microcode.java,test.cpu.Cpu65c02ProfileMicrocodeCoverageTest#cmdProfileAllNonNopOpcodesMatchMicrocodeCycleCount; test.cpu.Cpu65c02MicrocodeTest; test.cpu.Cpu65c02ProfileMicrocodeCoverageTest#cmdProfileAllNonNopsAreRuntimeMicroQueued,PASS
7B,NOP,IMP,1,1,docs/cmd_g65sc02_page9_nops_measured_cycles.csv + src/core/cpu/cpu8/Cpu65c02Cmd.java,test.cpu.Cpu65c02ProfileMicrocodeCoverageTest#cmdProfileNopOpcodesMatchMicrocodeCycleCount; test.cpu.Cpu65c02CycleTimingTest#cmdProfileAllMeasuredNopCyclesMatchHardwareTable,PASS
7C,JMP,ABS_IND_X,3,6,src/core/cpu/cpu8/Cpu65c02Opcode.java + src/core/cpu/cpu8/Cpu65c02Microcode.java,test.cpu.Cpu65c02ProfileMicrocodeCoverageTest#cmdProfileAllNonNopOpcodesMatchMicrocodeCycleCount; test.cpu.Cpu65c02MicrocodeTest; test.cpu.Cpu65c02ProfileMicrocodeCoverageTest#cmdProfileAllNonNopsAreRuntimeMicroQueued,PASS
7D,ADC,ABS_X,3,4,src/core/cpu/cpu8/Cpu65c02Opcode.java + src/core/cpu/cpu8/Cpu65c02Microcode.java,test.cpu.Cpu65c02ProfileMicrocodeCoverageTest#cmdProfileAllNonNopOpcodesMatchMicrocodeCycleCount; test.cpu.Cpu65c02MicrocodeTest; test.cpu.Cpu65c02ProfileMicrocodeCoverageTest#cmdProfileAllNonNopsAreRuntimeMicroQueued,PASS
7E,ROR,ABS_X,3,6,src/core/cpu/cpu8/Cpu65c02Opcode.java + src/core/cpu/cpu8/Cpu65c02Microcode.java,test.cpu.Cpu65c02ProfileMicrocodeCoverageTest#cmdProfileAllNonNopOpcodesMatchMicrocodeCycleCount; test.cpu.Cpu65c02MicrocodeTest; test.cpu.Cpu65c02ProfileMicrocodeCoverageTest#cmdProfileAllNonNopsAreRuntimeMicroQueued,PASS
7F,NOP,IMP,1,1,docs/cmd_g65sc02_page9_nops_measured_cycles.csv + src/core/cpu/cpu8/Cpu65c02Cmd.java,test.cpu.Cpu65c02ProfileMicrocodeCoverageTest#cmdProfileNopOpcodesMatchMicrocodeCycleCount; test.cpu.Cpu65c02CycleTimingTest#cmdProfileAllMeasuredNopCyclesMatchHardwareTable,PASS
80,BRA,REL,2,2,src/core/cpu/cpu8/Cpu65c02Opcode.java + src/core/cpu/cpu8/Cpu65c02Microcode.java,test.cpu.Cpu65c02ProfileMicrocodeCoverageTest#cmdProfileAllNonNopOpcodesMatchMicrocodeCycleCount; test.cpu.Cpu65c02MicrocodeTest; test.cpu.Cpu65c02ProfileMicrocodeCoverageTest#cmdProfileAllNonNopsAreRuntimeMicroQueued,PASS
81,STA,IND_X,2,6,src/core/cpu/cpu8/Cpu65c02Opcode.java + src/core/cpu/cpu8/Cpu65c02Microcode.java,test.cpu.Cpu65c02ProfileMicrocodeCoverageTest#cmdProfileAllNonNopOpcodesMatchMicrocodeCycleCount; test.cpu.Cpu65c02MicrocodeTest; test.cpu.Cpu65c02ProfileMicrocodeCoverageTest#cmdProfileAllNonNopsAreRuntimeMicroQueued,PASS
82,NOP,IMP,2,2,docs/cmd_g65sc02_page9_nops_measured_cycles.csv + src/core/cpu/cpu8/Cpu65c02Cmd.java,test.cpu.Cpu65c02ProfileMicrocodeCoverageTest#cmdProfileNopOpcodesMatchMicrocodeCycleCount; test.cpu.Cpu65c02CycleTimingTest#cmdProfileAllMeasuredNopCyclesMatchHardwareTable,PASS
83,NOP,IMP,1,1,docs/cmd_g65sc02_page9_nops_measured_cycles.csv + src/core/cpu/cpu8/Cpu65c02Cmd.java,test.cpu.Cpu65c02ProfileMicrocodeCoverageTest#cmdProfileNopOpcodesMatchMicrocodeCycleCount; test.cpu.Cpu65c02CycleTimingTest#cmdProfileAllMeasuredNopCyclesMatchHardwareTable,PASS
84,STY,ZPG,2,3,src/core/cpu/cpu8/Cpu65c02Opcode.java + src/core/cpu/cpu8/Cpu65c02Microcode.java,test.cpu.Cpu65c02ProfileMicrocodeCoverageTest#cmdProfileAllNonNopOpcodesMatchMicrocodeCycleCount; test.cpu.Cpu65c02MicrocodeTest; test.cpu.Cpu65c02ProfileMicrocodeCoverageTest#cmdProfileAllNonNopsAreRuntimeMicroQueued,PASS
85,STA,ZPG,2,3,src/core/cpu/cpu8/Cpu65c02Opcode.java + src/core/cpu/cpu8/Cpu65c02Microcode.java,test.cpu.Cpu65c02ProfileMicrocodeCoverageTest#cmdProfileAllNonNopOpcodesMatchMicrocodeCycleCount; test.cpu.Cpu65c02MicrocodeTest; test.cpu.Cpu65c02ProfileMicrocodeCoverageTest#cmdProfileAllNonNopsAreRuntimeMicroQueued,PASS
86,STX,ZPG,2,3,src/core/cpu/cpu8/Cpu65c02Opcode.java + src/core/cpu/cpu8/Cpu65c02Microcode.java,test.cpu.Cpu65c02ProfileMicrocodeCoverageTest#cmdProfileAllNonNopOpcodesMatchMicrocodeCycleCount; test.cpu.Cpu65c02MicrocodeTest; test.cpu.Cpu65c02ProfileMicrocodeCoverageTest#cmdProfileAllNonNopsAreRuntimeMicroQueued,PASS
87,NOP,IMP,1,1,docs/cmd_g65sc02_page9_nops_measured_cycles.csv + src/core/cpu/cpu8/Cpu65c02Cmd.java,test.cpu.Cpu65c02ProfileMicrocodeCoverageTest#cmdProfileNopOpcodesMatchMicrocodeCycleCount; test.cpu.Cpu65c02CycleTimingTest#cmdProfileAllMeasuredNopCyclesMatchHardwareTable,PASS
88,DEY,IMP,1,2,src/core/cpu/cpu8/Cpu65c02Opcode.java + src/core/cpu/cpu8/Cpu65c02Microcode.java,test.cpu.Cpu65c02ProfileMicrocodeCoverageTest#cmdProfileAllNonNopOpcodesMatchMicrocodeCycleCount; test.cpu.Cpu65c02MicrocodeTest; test.cpu.Cpu65c02ProfileMicrocodeCoverageTest#cmdProfileAllNonNopsAreRuntimeMicroQueued,PASS
89,BIT,IMM,2,2,src/core/cpu/cpu8/Cpu65c02Opcode.java + src/core/cpu/cpu8/Cpu65c02Microcode.java,test.cpu.Cpu65c02ProfileMicrocodeCoverageTest#cmdProfileAllNonNopOpcodesMatchMicrocodeCycleCount; test.cpu.Cpu65c02MicrocodeTest; test.cpu.Cpu65c02ProfileMicrocodeCoverageTest#cmdProfileAllNonNopsAreRuntimeMicroQueued,PASS
8A,TXA,IMP,1,2,src/core/cpu/cpu8/Cpu65c02Opcode.java + src/core/cpu/cpu8/Cpu65c02Microcode.java,test.cpu.Cpu65c02ProfileMicrocodeCoverageTest#cmdProfileAllNonNopOpcodesMatchMicrocodeCycleCount; test.cpu.Cpu65c02MicrocodeTest; test.cpu.Cpu65c02ProfileMicrocodeCoverageTest#cmdProfileAllNonNopsAreRuntimeMicroQueued,PASS
8B,NOP,IMP,1,1,docs/cmd_g65sc02_page9_nops_measured_cycles.csv + src/core/cpu/cpu8/Cpu65c02Cmd.java,test.cpu.Cpu65c02ProfileMicrocodeCoverageTest#cmdProfileNopOpcodesMatchMicrocodeCycleCount; test.cpu.Cpu65c02CycleTimingTest#cmdProfileAllMeasuredNopCyclesMatchHardwareTable,PASS
8C,STY,ABS,3,4,src/core/cpu/cpu8/Cpu65c02Opcode.java + src/core/cpu/cpu8/Cpu65c02Microcode.java,test.cpu.Cpu65c02ProfileMicrocodeCoverageTest#cmdProfileAllNonNopOpcodesMatchMicrocodeCycleCount; test.cpu.Cpu65c02MicrocodeTest; test.cpu.Cpu65c02ProfileMicrocodeCoverageTest#cmdProfileAllNonNopsAreRuntimeMicroQueued,PASS
8D,STA,ABS,3,4,src/core/cpu/cpu8/Cpu65c02Opcode.java + src/core/cpu/cpu8/Cpu65c02Microcode.java,test.cpu.Cpu65c02ProfileMicrocodeCoverageTest#cmdProfileAllNonNopOpcodesMatchMicrocodeCycleCount; test.cpu.Cpu65c02MicrocodeTest; test.cpu.Cpu65c02ProfileMicrocodeCoverageTest#cmdProfileAllNonNopsAreRuntimeMicroQueued,PASS
8E,STX,ABS,3,4,src/core/cpu/cpu8/Cpu65c02Opcode.java + src/core/cpu/cpu8/Cpu65c02Microcode.java,test.cpu.Cpu65c02ProfileMicrocodeCoverageTest#cmdProfileAllNonNopOpcodesMatchMicrocodeCycleCount; test.cpu.Cpu65c02MicrocodeTest; test.cpu.Cpu65c02ProfileMicrocodeCoverageTest#cmdProfileAllNonNopsAreRuntimeMicroQueued,PASS
8F,NOP,IMP,1,1,docs/cmd_g65sc02_page9_nops_measured_cycles.csv + src/core/cpu/cpu8/Cpu65c02Cmd.java,test.cpu.Cpu65c02ProfileMicrocodeCoverageTest#cmdProfileNopOpcodesMatchMicrocodeCycleCount; test.cpu.Cpu65c02CycleTimingTest#cmdProfileAllMeasuredNopCyclesMatchHardwareTable,PASS
90,BCC,REL,2,2,src/core/cpu/cpu8/Cpu65c02Opcode.java + src/core/cpu/cpu8/Cpu65c02Microcode.java,test.cpu.Cpu65c02ProfileMicrocodeCoverageTest#cmdProfileAllNonNopOpcodesMatchMicrocodeCycleCount; test.cpu.Cpu65c02MicrocodeTest; test.cpu.Cpu65c02ProfileMicrocodeCoverageTest#cmdProfileAllNonNopsAreRuntimeMicroQueued,PASS
91,STA,IND_Y,2,6,src/core/cpu/cpu8/Cpu65c02Opcode.java + src/core/cpu/cpu8/Cpu65c02Microcode.java,test.cpu.Cpu65c02ProfileMicrocodeCoverageTest#cmdProfileAllNonNopOpcodesMatchMicrocodeCycleCount; test.cpu.Cpu65c02MicrocodeTest; test.cpu.Cpu65c02ProfileMicrocodeCoverageTest#cmdProfileAllNonNopsAreRuntimeMicroQueued,PASS
92,STA,ZPG_IND,2,5,src/core/cpu/cpu8/Cpu65c02Opcode.java + src/core/cpu/cpu8/Cpu65c02Microcode.java,test.cpu.Cpu65c02ProfileMicrocodeCoverageTest#cmdProfileAllNonNopOpcodesMatchMicrocodeCycleCount; test.cpu.Cpu65c02MicrocodeTest; test.cpu.Cpu65c02ProfileMicrocodeCoverageTest#cmdProfileAllNonNopsAreRuntimeMicroQueued,PASS
93,NOP,IMP,1,1,docs/cmd_g65sc02_page9_nops_measured_cycles.csv + src/core/cpu/cpu8/Cpu65c02Cmd.java,test.cpu.Cpu65c02ProfileMicrocodeCoverageTest#cmdProfileNopOpcodesMatchMicrocodeCycleCount; test.cpu.Cpu65c02CycleTimingTest#cmdProfileAllMeasuredNopCyclesMatchHardwareTable,PASS
94,STY,ZPG_X,2,4,src/core/cpu/cpu8/Cpu65c02Opcode.java + src/core/cpu/cpu8/Cpu65c02Microcode.java,test.cpu.Cpu65c02ProfileMicrocodeCoverageTest#cmdProfileAllNonNopOpcodesMatchMicrocodeCycleCount; test.cpu.Cpu65c02MicrocodeTest; test.cpu.Cpu65c02ProfileMicrocodeCoverageTest#cmdProfileAllNonNopsAreRuntimeMicroQueued,PASS
95,STA,ZPG_X,2,4,src/core/cpu/cpu8/Cpu65c02Opcode.java + src/core/cpu/cpu8/Cpu65c02Microcode.java,test.cpu.Cpu65c02ProfileMicrocodeCoverageTest#cmdProfileAllNonNopOpcodesMatchMicrocodeCycleCount; test.cpu.Cpu65c02MicrocodeTest; test.cpu.Cpu65c02ProfileMicrocodeCoverageTest#cmdProfileAllNonNopsAreRuntimeMicroQueued,PASS
96,STX,ZPG_Y,2,4,src/core/cpu/cpu8/Cpu65c02Opcode.java + src/core/cpu/cpu8/Cpu65c02Microcode.java,test.cpu.Cpu65c02ProfileMicrocodeCoverageTest#cmdProfileAllNonNopOpcodesMatchMicrocodeCycleCount; test.cpu.Cpu65c02MicrocodeTest; test.cpu.Cpu65c02ProfileMicrocodeCoverageTest#cmdProfileAllNonNopsAreRuntimeMicroQueued,PASS
97,NOP,IMP,1,1,docs/cmd_g65sc02_page9_nops_measured_cycles.csv + src/core/cpu/cpu8/Cpu65c02Cmd.java,test.cpu.Cpu65c02ProfileMicrocodeCoverageTest#cmdProfileNopOpcodesMatchMicrocodeCycleCount; test.cpu.Cpu65c02CycleTimingTest#cmdProfileAllMeasuredNopCyclesMatchHardwareTable,PASS
98,TYA,IMP,1,2,src/core/cpu/cpu8/Cpu65c02Opcode.java + src/core/cpu/cpu8/Cpu65c02Microcode.java,test.cpu.Cpu65c02ProfileMicrocodeCoverageTest#cmdProfileAllNonNopOpcodesMatchMicrocodeCycleCount; test.cpu.Cpu65c02MicrocodeTest; test.cpu.Cpu65c02ProfileMicrocodeCoverageTest#cmdProfileAllNonNopsAreRuntimeMicroQueued,PASS
99,STA,ABS_Y,3,5,src/core/cpu/cpu8/Cpu65c02Opcode.java + src/core/cpu/cpu8/Cpu65c02Microcode.java,test.cpu.Cpu65c02ProfileMicrocodeCoverageTest#cmdProfileAllNonNopOpcodesMatchMicrocodeCycleCount; test.cpu.Cpu65c02MicrocodeTest; test.cpu.Cpu65c02ProfileMicrocodeCoverageTest#cmdProfileAllNonNopsAreRuntimeMicroQueued,PASS
9A,TXS,IMP,1,2,src/core/cpu/cpu8/Cpu65c02Opcode.java + src/core/cpu/cpu8/Cpu65c02Microcode.java,test.cpu.Cpu65c02ProfileMicrocodeCoverageTest#cmdProfileAllNonNopOpcodesMatchMicrocodeCycleCount; test.cpu.Cpu65c02MicrocodeTest; test.cpu.Cpu65c02ProfileMicrocodeCoverageTest#cmdProfileAllNonNopsAreRuntimeMicroQueued,PASS
9B,NOP,IMP,1,1,docs/cmd_g65sc02_page9_nops_measured_cycles.csv + src/core/cpu/cpu8/Cpu65c02Cmd.java,test.cpu.Cpu65c02ProfileMicrocodeCoverageTest#cmdProfileNopOpcodesMatchMicrocodeCycleCount; test.cpu.Cpu65c02CycleTimingTest#cmdProfileAllMeasuredNopCyclesMatchHardwareTable,PASS
9C,STZ,ABS,3,4,src/core/cpu/cpu8/Cpu65c02Opcode.java + src/core/cpu/cpu8/Cpu65c02Microcode.java,test.cpu.Cpu65c02ProfileMicrocodeCoverageTest#cmdProfileAllNonNopOpcodesMatchMicrocodeCycleCount; test.cpu.Cpu65c02MicrocodeTest; test.cpu.Cpu65c02ProfileMicrocodeCoverageTest#cmdProfileAllNonNopsAreRuntimeMicroQueued,PASS
9D,STA,ABS_X,3,5,src/core/cpu/cpu8/Cpu65c02Opcode.java + src/core/cpu/cpu8/Cpu65c02Microcode.java,test.cpu.Cpu65c02ProfileMicrocodeCoverageTest#cmdProfileAllNonNopOpcodesMatchMicrocodeCycleCount; test.cpu.Cpu65c02MicrocodeTest; test.cpu.Cpu65c02ProfileMicrocodeCoverageTest#cmdProfileAllNonNopsAreRuntimeMicroQueued,PASS
9E,STZ,ABS_X,3,5,src/core/cpu/cpu8/Cpu65c02Opcode.java + src/core/cpu/cpu8/Cpu65c02Microcode.java,test.cpu.Cpu65c02ProfileMicrocodeCoverageTest#cmdProfileAllNonNopOpcodesMatchMicrocodeCycleCount; test.cpu.Cpu65c02MicrocodeTest; test.cpu.Cpu65c02ProfileMicrocodeCoverageTest#cmdProfileAllNonNopsAreRuntimeMicroQueued,PASS
9F,NOP,IMP,1,1,docs/cmd_g65sc02_page9_nops_measured_cycles.csv + src/core/cpu/cpu8/Cpu65c02Cmd.java,test.cpu.Cpu65c02ProfileMicrocodeCoverageTest#cmdProfileNopOpcodesMatchMicrocodeCycleCount; test.cpu.Cpu65c02CycleTimingTest#cmdProfileAllMeasuredNopCyclesMatchHardwareTable,PASS
A0,LDY,IMM,2,2,src/core/cpu/cpu8/Cpu65c02Opcode.java + src/core/cpu/cpu8/Cpu65c02Microcode.java,test.cpu.Cpu65c02ProfileMicrocodeCoverageTest#cmdProfileAllNonNopOpcodesMatchMicrocodeCycleCount; test.cpu.Cpu65c02MicrocodeTest; test.cpu.Cpu65c02ProfileMicrocodeCoverageTest#cmdProfileAllNonNopsAreRuntimeMicroQueued,PASS
A1,LDA,IND_X,2,6,src/core/cpu/cpu8/Cpu65c02Opcode.java + src/core/cpu/cpu8/Cpu65c02Microcode.java,test.cpu.Cpu65c02ProfileMicrocodeCoverageTest#cmdProfileAllNonNopOpcodesMatchMicrocodeCycleCount; test.cpu.Cpu65c02MicrocodeTest; test.cpu.Cpu65c02ProfileMicrocodeCoverageTest#cmdProfileAllNonNopsAreRuntimeMicroQueued,PASS
A2,LDX,IMM,2,2,src/core/cpu/cpu8/Cpu65c02Opcode.java + src/core/cpu/cpu8/Cpu65c02Microcode.java,test.cpu.Cpu65c02ProfileMicrocodeCoverageTest#cmdProfileAllNonNopOpcodesMatchMicrocodeCycleCount; test.cpu.Cpu65c02MicrocodeTest; test.cpu.Cpu65c02ProfileMicrocodeCoverageTest#cmdProfileAllNonNopsAreRuntimeMicroQueued,PASS
A3,NOP,IMP,1,1,docs/cmd_g65sc02_page9_nops_measured_cycles.csv + src/core/cpu/cpu8/Cpu65c02Cmd.java,test.cpu.Cpu65c02ProfileMicrocodeCoverageTest#cmdProfileNopOpcodesMatchMicrocodeCycleCount; test.cpu.Cpu65c02CycleTimingTest#cmdProfileAllMeasuredNopCyclesMatchHardwareTable,PASS
A4,LDY,ZPG,2,3,src/core/cpu/cpu8/Cpu65c02Opcode.java + src/core/cpu/cpu8/Cpu65c02Microcode.java,test.cpu.Cpu65c02ProfileMicrocodeCoverageTest#cmdProfileAllNonNopOpcodesMatchMicrocodeCycleCount; test.cpu.Cpu65c02MicrocodeTest; test.cpu.Cpu65c02ProfileMicrocodeCoverageTest#cmdProfileAllNonNopsAreRuntimeMicroQueued,PASS
A5,LDA,ZPG,2,3,src/core/cpu/cpu8/Cpu65c02Opcode.java + src/core/cpu/cpu8/Cpu65c02Microcode.java,test.cpu.Cpu65c02ProfileMicrocodeCoverageTest#cmdProfileAllNonNopOpcodesMatchMicrocodeCycleCount; test.cpu.Cpu65c02MicrocodeTest; test.cpu.Cpu65c02ProfileMicrocodeCoverageTest#cmdProfileAllNonNopsAreRuntimeMicroQueued,PASS
A6,LDX,ZPG,2,3,src/core/cpu/cpu8/Cpu65c02Opcode.java + src/core/cpu/cpu8/Cpu65c02Microcode.java,test.cpu.Cpu65c02ProfileMicrocodeCoverageTest#cmdProfileAllNonNopOpcodesMatchMicrocodeCycleCount; test.cpu.Cpu65c02MicrocodeTest; test.cpu.Cpu65c02ProfileMicrocodeCoverageTest#cmdProfileAllNonNopsAreRuntimeMicroQueued,PASS
A7,NOP,IMP,1,1,docs/cmd_g65sc02_page9_nops_measured_cycles.csv + src/core/cpu/cpu8/Cpu65c02Cmd.java,test.cpu.Cpu65c02ProfileMicrocodeCoverageTest#cmdProfileNopOpcodesMatchMicrocodeCycleCount; test.cpu.Cpu65c02CycleTimingTest#cmdProfileAllMeasuredNopCyclesMatchHardwareTable,PASS
A8,TAY,IMP,1,2,src/core/cpu/cpu8/Cpu65c02Opcode.java + src/core/cpu/cpu8/Cpu65c02Microcode.java,test.cpu.Cpu65c02ProfileMicrocodeCoverageTest#cmdProfileAllNonNopOpcodesMatchMicrocodeCycleCount; test.cpu.Cpu65c02MicrocodeTest; test.cpu.Cpu65c02ProfileMicrocodeCoverageTest#cmdProfileAllNonNopsAreRuntimeMicroQueued,PASS
A9,LDA,IMM,2,2,src/core/cpu/cpu8/Cpu65c02Opcode.java + src/core/cpu/cpu8/Cpu65c02Microcode.java,test.cpu.Cpu65c02ProfileMicrocodeCoverageTest#cmdProfileAllNonNopOpcodesMatchMicrocodeCycleCount; test.cpu.Cpu65c02MicrocodeTest; test.cpu.Cpu65c02ProfileMicrocodeCoverageTest#cmdProfileAllNonNopsAreRuntimeMicroQueued,PASS
AA,TAX,IMP,1,2,src/core/cpu/cpu8/Cpu65c02Opcode.java + src/core/cpu/cpu8/Cpu65c02Microcode.java,test.cpu.Cpu65c02ProfileMicrocodeCoverageTest#cmdProfileAllNonNopOpcodesMatchMicrocodeCycleCount; test.cpu.Cpu65c02MicrocodeTest; test.cpu.Cpu65c02ProfileMicrocodeCoverageTest#cmdProfileAllNonNopsAreRuntimeMicroQueued,PASS
AB,NOP,IMP,1,1,docs/cmd_g65sc02_page9_nops_measured_cycles.csv + src/core/cpu/cpu8/Cpu65c02Cmd.java,test.cpu.Cpu65c02ProfileMicrocodeCoverageTest#cmdProfileNopOpcodesMatchMicrocodeCycleCount; test.cpu.Cpu65c02CycleTimingTest#cmdProfileAllMeasuredNopCyclesMatchHardwareTable,PASS
AC,LDY,ABS,3,4,src/core/cpu/cpu8/Cpu65c02Opcode.java + src/core/cpu/cpu8/Cpu65c02Microcode.java,test.cpu.Cpu65c02ProfileMicrocodeCoverageTest#cmdProfileAllNonNopOpcodesMatchMicrocodeCycleCount; test.cpu.Cpu65c02MicrocodeTest; test.cpu.Cpu65c02ProfileMicrocodeCoverageTest#cmdProfileAllNonNopsAreRuntimeMicroQueued,PASS
AD,LDA,ABS,3,4,src/core/cpu/cpu8/Cpu65c02Opcode.java + src/core/cpu/cpu8/Cpu65c02Microcode.java,test.cpu.Cpu65c02ProfileMicrocodeCoverageTest#cmdProfileAllNonNopOpcodesMatchMicrocodeCycleCount; test.cpu.Cpu65c02MicrocodeTest; test.cpu.Cpu65c02ProfileMicrocodeCoverageTest#cmdProfileAllNonNopsAreRuntimeMicroQueued,PASS
AE,LDX,ABS,3,4,src/core/cpu/cpu8/Cpu65c02Opcode.java + src/core/cpu/cpu8/Cpu65c02Microcode.java,test.cpu.Cpu65c02ProfileMicrocodeCoverageTest#cmdProfileAllNonNopOpcodesMatchMicrocodeCycleCount; test.cpu.Cpu65c02MicrocodeTest; test.cpu.Cpu65c02ProfileMicrocodeCoverageTest#cmdProfileAllNonNopsAreRuntimeMicroQueued,PASS
AF,NOP,IMP,1,1,docs/cmd_g65sc02_page9_nops_measured_cycles.csv + src/core/cpu/cpu8/Cpu65c02Cmd.java,test.cpu.Cpu65c02ProfileMicrocodeCoverageTest#cmdProfileNopOpcodesMatchMicrocodeCycleCount; test.cpu.Cpu65c02CycleTimingTest#cmdProfileAllMeasuredNopCyclesMatchHardwareTable,PASS
B0,BCS,REL,2,2,src/core/cpu/cpu8/Cpu65c02Opcode.java + src/core/cpu/cpu8/Cpu65c02Microcode.java,test.cpu.Cpu65c02ProfileMicrocodeCoverageTest#cmdProfileAllNonNopOpcodesMatchMicrocodeCycleCount; test.cpu.Cpu65c02MicrocodeTest; test.cpu.Cpu65c02ProfileMicrocodeCoverageTest#cmdProfileAllNonNopsAreRuntimeMicroQueued,PASS
B1,LDA,IND_Y,2,5,src/core/cpu/cpu8/Cpu65c02Opcode.java + src/core/cpu/cpu8/Cpu65c02Microcode.java,test.cpu.Cpu65c02ProfileMicrocodeCoverageTest#cmdProfileAllNonNopOpcodesMatchMicrocodeCycleCount; test.cpu.Cpu65c02MicrocodeTest; test.cpu.Cpu65c02ProfileMicrocodeCoverageTest#cmdProfileAllNonNopsAreRuntimeMicroQueued,PASS
B2,LDA,ZPG_IND,2,5,src/core/cpu/cpu8/Cpu65c02Opcode.java + src/core/cpu/cpu8/Cpu65c02Microcode.java,test.cpu.Cpu65c02ProfileMicrocodeCoverageTest#cmdProfileAllNonNopOpcodesMatchMicrocodeCycleCount; test.cpu.Cpu65c02MicrocodeTest; test.cpu.Cpu65c02ProfileMicrocodeCoverageTest#cmdProfileAllNonNopsAreRuntimeMicroQueued,PASS
B3,NOP,IMP,1,1,docs/cmd_g65sc02_page9_nops_measured_cycles.csv + src/core/cpu/cpu8/Cpu65c02Cmd.java,test.cpu.Cpu65c02ProfileMicrocodeCoverageTest#cmdProfileNopOpcodesMatchMicrocodeCycleCount; test.cpu.Cpu65c02CycleTimingTest#cmdProfileAllMeasuredNopCyclesMatchHardwareTable,PASS
B4,LDY,ZPG_X,2,4,src/core/cpu/cpu8/Cpu65c02Opcode.java + src/core/cpu/cpu8/Cpu65c02Microcode.java,test.cpu.Cpu65c02ProfileMicrocodeCoverageTest#cmdProfileAllNonNopOpcodesMatchMicrocodeCycleCount; test.cpu.Cpu65c02MicrocodeTest; test.cpu.Cpu65c02ProfileMicrocodeCoverageTest#cmdProfileAllNonNopsAreRuntimeMicroQueued,PASS
B5,LDA,ZPG_X,2,4,src/core/cpu/cpu8/Cpu65c02Opcode.java + src/core/cpu/cpu8/Cpu65c02Microcode.java,test.cpu.Cpu65c02ProfileMicrocodeCoverageTest#cmdProfileAllNonNopOpcodesMatchMicrocodeCycleCount; test.cpu.Cpu65c02MicrocodeTest; test.cpu.Cpu65c02ProfileMicrocodeCoverageTest#cmdProfileAllNonNopsAreRuntimeMicroQueued,PASS
B6,LDX,ZPG_Y,2,4,src/core/cpu/cpu8/Cpu65c02Opcode.java + src/core/cpu/cpu8/Cpu65c02Microcode.java,test.cpu.Cpu65c02ProfileMicrocodeCoverageTest#cmdProfileAllNonNopOpcodesMatchMicrocodeCycleCount; test.cpu.Cpu65c02MicrocodeTest; test.cpu.Cpu65c02ProfileMicrocodeCoverageTest#cmdProfileAllNonNopsAreRuntimeMicroQueued,PASS
B7,NOP,IMP,1,1,docs/cmd_g65sc02_page9_nops_measured_cycles.csv + src/core/cpu/cpu8/Cpu65c02Cmd.java,test.cpu.Cpu65c02ProfileMicrocodeCoverageTest#cmdProfileNopOpcodesMatchMicrocodeCycleCount; test.cpu.Cpu65c02CycleTimingTest#cmdProfileAllMeasuredNopCyclesMatchHardwareTable,PASS
B8,CLV,IMP,1,2,src/core/cpu/cpu8/Cpu65c02Opcode.java + src/core/cpu/cpu8/Cpu65c02Microcode.java,test.cpu.Cpu65c02ProfileMicrocodeCoverageTest#cmdProfileAllNonNopOpcodesMatchMicrocodeCycleCount; test.cpu.Cpu65c02MicrocodeTest; test.cpu.Cpu65c02ProfileMicrocodeCoverageTest#cmdProfileAllNonNopsAreRuntimeMicroQueued,PASS
B9,LDA,ABS_Y,3,4,src/core/cpu/cpu8/Cpu65c02Opcode.java + src/core/cpu/cpu8/Cpu65c02Microcode.java,test.cpu.Cpu65c02ProfileMicrocodeCoverageTest#cmdProfileAllNonNopOpcodesMatchMicrocodeCycleCount; test.cpu.Cpu65c02MicrocodeTest; test.cpu.Cpu65c02ProfileMicrocodeCoverageTest#cmdProfileAllNonNopsAreRuntimeMicroQueued,PASS
BA,TSX,IMP,1,2,src/core/cpu/cpu8/Cpu65c02Opcode.java + src/core/cpu/cpu8/Cpu65c02Microcode.java,test.cpu.Cpu65c02ProfileMicrocodeCoverageTest#cmdProfileAllNonNopOpcodesMatchMicrocodeCycleCount; test.cpu.Cpu65c02MicrocodeTest; test.cpu.Cpu65c02ProfileMicrocodeCoverageTest#cmdProfileAllNonNopsAreRuntimeMicroQueued,PASS
BB,NOP,IMP,1,1,docs/cmd_g65sc02_page9_nops_measured_cycles.csv + src/core/cpu/cpu8/Cpu65c02Cmd.java,test.cpu.Cpu65c02ProfileMicrocodeCoverageTest#cmdProfileNopOpcodesMatchMicrocodeCycleCount; test.cpu.Cpu65c02CycleTimingTest#cmdProfileAllMeasuredNopCyclesMatchHardwareTable,PASS
BC,LDY,ABS_X,3,4,src/core/cpu/cpu8/Cpu65c02Opcode.java + src/core/cpu/cpu8/Cpu65c02Microcode.java,test.cpu.Cpu65c02ProfileMicrocodeCoverageTest#cmdProfileAllNonNopOpcodesMatchMicrocodeCycleCount; test.cpu.Cpu65c02MicrocodeTest; test.cpu.Cpu65c02ProfileMicrocodeCoverageTest#cmdProfileAllNonNopsAreRuntimeMicroQueued,PASS
BD,LDA,ABS_X,3,4,src/core/cpu/cpu8/Cpu65c02Opcode.java + src/core/cpu/cpu8/Cpu65c02Microcode.java,test.cpu.Cpu65c02ProfileMicrocodeCoverageTest#cmdProfileAllNonNopOpcodesMatchMicrocodeCycleCount; test.cpu.Cpu65c02MicrocodeTest; test.cpu.Cpu65c02ProfileMicrocodeCoverageTest#cmdProfileAllNonNopsAreRuntimeMicroQueued,PASS
BE,LDX,ABS_Y,3,4,src/core/cpu/cpu8/Cpu65c02Opcode.java + src/core/cpu/cpu8/Cpu65c02Microcode.java,test.cpu.Cpu65c02ProfileMicrocodeCoverageTest#cmdProfileAllNonNopOpcodesMatchMicrocodeCycleCount; test.cpu.Cpu65c02MicrocodeTest; test.cpu.Cpu65c02ProfileMicrocodeCoverageTest#cmdProfileAllNonNopsAreRuntimeMicroQueued,PASS
BF,NOP,IMP,1,1,docs/cmd_g65sc02_page9_nops_measured_cycles.csv + src/core/cpu/cpu8/Cpu65c02Cmd.java,test.cpu.Cpu65c02ProfileMicrocodeCoverageTest#cmdProfileNopOpcodesMatchMicrocodeCycleCount; test.cpu.Cpu65c02CycleTimingTest#cmdProfileAllMeasuredNopCyclesMatchHardwareTable,PASS
C0,CPY,IMM,2,2,src/core/cpu/cpu8/Cpu65c02Opcode.java + src/core/cpu/cpu8/Cpu65c02Microcode.java,test.cpu.Cpu65c02ProfileMicrocodeCoverageTest#cmdProfileAllNonNopOpcodesMatchMicrocodeCycleCount; test.cpu.Cpu65c02MicrocodeTest; test.cpu.Cpu65c02ProfileMicrocodeCoverageTest#cmdProfileAllNonNopsAreRuntimeMicroQueued,PASS
C1,CMP,IND_X,2,6,src/core/cpu/cpu8/Cpu65c02Opcode.java + src/core/cpu/cpu8/Cpu65c02Microcode.java,test.cpu.Cpu65c02ProfileMicrocodeCoverageTest#cmdProfileAllNonNopOpcodesMatchMicrocodeCycleCount; test.cpu.Cpu65c02MicrocodeTest; test.cpu.Cpu65c02ProfileMicrocodeCoverageTest#cmdProfileAllNonNopsAreRuntimeMicroQueued,PASS
C2,NOP,IMP,2,2,docs/cmd_g65sc02_page9_nops_measured_cycles.csv + src/core/cpu/cpu8/Cpu65c02Cmd.java,test.cpu.Cpu65c02ProfileMicrocodeCoverageTest#cmdProfileNopOpcodesMatchMicrocodeCycleCount; test.cpu.Cpu65c02CycleTimingTest#cmdProfileAllMeasuredNopCyclesMatchHardwareTable,PASS
C3,NOP,IMP,1,1,docs/cmd_g65sc02_page9_nops_measured_cycles.csv + src/core/cpu/cpu8/Cpu65c02Cmd.java,test.cpu.Cpu65c02ProfileMicrocodeCoverageTest#cmdProfileNopOpcodesMatchMicrocodeCycleCount; test.cpu.Cpu65c02CycleTimingTest#cmdProfileAllMeasuredNopCyclesMatchHardwareTable,PASS
C4,CPY,ZPG,2,3,src/core/cpu/cpu8/Cpu65c02Opcode.java + src/core/cpu/cpu8/Cpu65c02Microcode.java,test.cpu.Cpu65c02ProfileMicrocodeCoverageTest#cmdProfileAllNonNopOpcodesMatchMicrocodeCycleCount; test.cpu.Cpu65c02MicrocodeTest; test.cpu.Cpu65c02ProfileMicrocodeCoverageTest#cmdProfileAllNonNopsAreRuntimeMicroQueued,PASS
C5,CMP,ZPG,2,3,src/core/cpu/cpu8/Cpu65c02Opcode.java + src/core/cpu/cpu8/Cpu65c02Microcode.java,test.cpu.Cpu65c02ProfileMicrocodeCoverageTest#cmdProfileAllNonNopOpcodesMatchMicrocodeCycleCount; test.cpu.Cpu65c02MicrocodeTest; test.cpu.Cpu65c02ProfileMicrocodeCoverageTest#cmdProfileAllNonNopsAreRuntimeMicroQueued,PASS
C6,DEC,ZPG,2,5,src/core/cpu/cpu8/Cpu65c02Opcode.java + src/core/cpu/cpu8/Cpu65c02Microcode.java,test.cpu.Cpu65c02ProfileMicrocodeCoverageTest#cmdProfileAllNonNopOpcodesMatchMicrocodeCycleCount; test.cpu.Cpu65c02MicrocodeTest; test.cpu.Cpu65c02ProfileMicrocodeCoverageTest#cmdProfileAllNonNopsAreRuntimeMicroQueued,PASS
C7,NOP,IMP,1,1,docs/cmd_g65sc02_page9_nops_measured_cycles.csv + src/core/cpu/cpu8/Cpu65c02Cmd.java,test.cpu.Cpu65c02ProfileMicrocodeCoverageTest#cmdProfileNopOpcodesMatchMicrocodeCycleCount; test.cpu.Cpu65c02CycleTimingTest#cmdProfileAllMeasuredNopCyclesMatchHardwareTable,PASS
C8,INY,IMP,1,2,src/core/cpu/cpu8/Cpu65c02Opcode.java + src/core/cpu/cpu8/Cpu65c02Microcode.java,test.cpu.Cpu65c02ProfileMicrocodeCoverageTest#cmdProfileAllNonNopOpcodesMatchMicrocodeCycleCount; test.cpu.Cpu65c02MicrocodeTest; test.cpu.Cpu65c02ProfileMicrocodeCoverageTest#cmdProfileAllNonNopsAreRuntimeMicroQueued,PASS
C9,CMP,IMM,2,2,src/core/cpu/cpu8/Cpu65c02Opcode.java + src/core/cpu/cpu8/Cpu65c02Microcode.java,test.cpu.Cpu65c02ProfileMicrocodeCoverageTest#cmdProfileAllNonNopOpcodesMatchMicrocodeCycleCount; test.cpu.Cpu65c02MicrocodeTest; test.cpu.Cpu65c02ProfileMicrocodeCoverageTest#cmdProfileAllNonNopsAreRuntimeMicroQueued,PASS
CA,DEX,IMP,1,2,src/core/cpu/cpu8/Cpu65c02Opcode.java + src/core/cpu/cpu8/Cpu65c02Microcode.java,test.cpu.Cpu65c02ProfileMicrocodeCoverageTest#cmdProfileAllNonNopOpcodesMatchMicrocodeCycleCount; test.cpu.Cpu65c02MicrocodeTest; test.cpu.Cpu65c02ProfileMicrocodeCoverageTest#cmdProfileAllNonNopsAreRuntimeMicroQueued,PASS
CB,NOP,IMP,1,1,docs/cmd_g65sc02_page9_nops_measured_cycles.csv + src/core/cpu/cpu8/Cpu65c02Cmd.java,test.cpu.Cpu65c02ProfileMicrocodeCoverageTest#cmdProfileNopOpcodesMatchMicrocodeCycleCount; test.cpu.Cpu65c02CycleTimingTest#cmdProfileAllMeasuredNopCyclesMatchHardwareTable,PASS
CC,CPY,ABS,3,4,src/core/cpu/cpu8/Cpu65c02Opcode.java + src/core/cpu/cpu8/Cpu65c02Microcode.java,test.cpu.Cpu65c02ProfileMicrocodeCoverageTest#cmdProfileAllNonNopOpcodesMatchMicrocodeCycleCount; test.cpu.Cpu65c02MicrocodeTest; test.cpu.Cpu65c02ProfileMicrocodeCoverageTest#cmdProfileAllNonNopsAreRuntimeMicroQueued,PASS
CD,CMP,ABS,3,4,src/core/cpu/cpu8/Cpu65c02Opcode.java + src/core/cpu/cpu8/Cpu65c02Microcode.java,test.cpu.Cpu65c02ProfileMicrocodeCoverageTest#cmdProfileAllNonNopOpcodesMatchMicrocodeCycleCount; test.cpu.Cpu65c02MicrocodeTest; test.cpu.Cpu65c02ProfileMicrocodeCoverageTest#cmdProfileAllNonNopsAreRuntimeMicroQueued,PASS
CE,DEC,ABS,3,6,src/core/cpu/cpu8/Cpu65c02Opcode.java + src/core/cpu/cpu8/Cpu65c02Microcode.java,test.cpu.Cpu65c02ProfileMicrocodeCoverageTest#cmdProfileAllNonNopOpcodesMatchMicrocodeCycleCount; test.cpu.Cpu65c02MicrocodeTest; test.cpu.Cpu65c02ProfileMicrocodeCoverageTest#cmdProfileAllNonNopsAreRuntimeMicroQueued,PASS
CF,NOP,IMP,1,1,docs/cmd_g65sc02_page9_nops_measured_cycles.csv + src/core/cpu/cpu8/Cpu65c02Cmd.java,test.cpu.Cpu65c02ProfileMicrocodeCoverageTest#cmdProfileNopOpcodesMatchMicrocodeCycleCount; test.cpu.Cpu65c02CycleTimingTest#cmdProfileAllMeasuredNopCyclesMatchHardwareTable,PASS
D0,BNE,REL,2,2,src/core/cpu/cpu8/Cpu65c02Opcode.java + src/core/cpu/cpu8/Cpu65c02Microcode.java,test.cpu.Cpu65c02ProfileMicrocodeCoverageTest#cmdProfileAllNonNopOpcodesMatchMicrocodeCycleCount; test.cpu.Cpu65c02MicrocodeTest; test.cpu.Cpu65c02ProfileMicrocodeCoverageTest#cmdProfileAllNonNopsAreRuntimeMicroQueued,PASS
D1,CMP,IND_Y,2,5,src/core/cpu/cpu8/Cpu65c02Opcode.java + src/core/cpu/cpu8/Cpu65c02Microcode.java,test.cpu.Cpu65c02ProfileMicrocodeCoverageTest#cmdProfileAllNonNopOpcodesMatchMicrocodeCycleCount; test.cpu.Cpu65c02MicrocodeTest; test.cpu.Cpu65c02ProfileMicrocodeCoverageTest#cmdProfileAllNonNopsAreRuntimeMicroQueued,PASS
D2,CMP,ZPG_IND,2,5,src/core/cpu/cpu8/Cpu65c02Opcode.java + src/core/cpu/cpu8/Cpu65c02Microcode.java,test.cpu.Cpu65c02ProfileMicrocodeCoverageTest#cmdProfileAllNonNopOpcodesMatchMicrocodeCycleCount; test.cpu.Cpu65c02MicrocodeTest; test.cpu.Cpu65c02ProfileMicrocodeCoverageTest#cmdProfileAllNonNopsAreRuntimeMicroQueued,PASS
D3,NOP,IMP,1,1,docs/cmd_g65sc02_page9_nops_measured_cycles.csv + src/core/cpu/cpu8/Cpu65c02Cmd.java,test.cpu.Cpu65c02ProfileMicrocodeCoverageTest#cmdProfileNopOpcodesMatchMicrocodeCycleCount; test.cpu.Cpu65c02CycleTimingTest#cmdProfileAllMeasuredNopCyclesMatchHardwareTable,PASS
D4,NOP,IMP,2,4,docs/cmd_g65sc02_page9_nops_measured_cycles.csv + src/core/cpu/cpu8/Cpu65c02Cmd.java,test.cpu.Cpu65c02ProfileMicrocodeCoverageTest#cmdProfileNopOpcodesMatchMicrocodeCycleCount; test.cpu.Cpu65c02CycleTimingTest#cmdProfileAllMeasuredNopCyclesMatchHardwareTable,PASS
D5,CMP,ZPG_X,2,4,src/core/cpu/cpu8/Cpu65c02Opcode.java + src/core/cpu/cpu8/Cpu65c02Microcode.java,test.cpu.Cpu65c02ProfileMicrocodeCoverageTest#cmdProfileAllNonNopOpcodesMatchMicrocodeCycleCount; test.cpu.Cpu65c02MicrocodeTest; test.cpu.Cpu65c02ProfileMicrocodeCoverageTest#cmdProfileAllNonNopsAreRuntimeMicroQueued,PASS
D6,DEC,ZPG_X,2,6,src/core/cpu/cpu8/Cpu65c02Opcode.java + src/core/cpu/cpu8/Cpu65c02Microcode.java,test.cpu.Cpu65c02ProfileMicrocodeCoverageTest#cmdProfileAllNonNopOpcodesMatchMicrocodeCycleCount; test.cpu.Cpu65c02MicrocodeTest; test.cpu.Cpu65c02ProfileMicrocodeCoverageTest#cmdProfileAllNonNopsAreRuntimeMicroQueued,PASS
D7,NOP,IMP,1,1,docs/cmd_g65sc02_page9_nops_measured_cycles.csv + src/core/cpu/cpu8/Cpu65c02Cmd.java,test.cpu.Cpu65c02ProfileMicrocodeCoverageTest#cmdProfileNopOpcodesMatchMicrocodeCycleCount; test.cpu.Cpu65c02CycleTimingTest#cmdProfileAllMeasuredNopCyclesMatchHardwareTable,PASS
D8,CLD,IMP,1,2,src/core/cpu/cpu8/Cpu65c02Opcode.java + src/core/cpu/cpu8/Cpu65c02Microcode.java,test.cpu.Cpu65c02ProfileMicrocodeCoverageTest#cmdProfileAllNonNopOpcodesMatchMicrocodeCycleCount; test.cpu.Cpu65c02MicrocodeTest; test.cpu.Cpu65c02ProfileMicrocodeCoverageTest#cmdProfileAllNonNopsAreRuntimeMicroQueued,PASS
D9,CMP,ABS_Y,3,4,src/core/cpu/cpu8/Cpu65c02Opcode.java + src/core/cpu/cpu8/Cpu65c02Microcode.java,test.cpu.Cpu65c02ProfileMicrocodeCoverageTest#cmdProfileAllNonNopOpcodesMatchMicrocodeCycleCount; test.cpu.Cpu65c02MicrocodeTest; test.cpu.Cpu65c02ProfileMicrocodeCoverageTest#cmdProfileAllNonNopsAreRuntimeMicroQueued,PASS
DA,PHX,IMP,1,3,src/core/cpu/cpu8/Cpu65c02Opcode.java + src/core/cpu/cpu8/Cpu65c02Microcode.java,test.cpu.Cpu65c02ProfileMicrocodeCoverageTest#cmdProfileAllNonNopOpcodesMatchMicrocodeCycleCount; test.cpu.Cpu65c02MicrocodeTest; test.cpu.Cpu65c02ProfileMicrocodeCoverageTest#cmdProfileAllNonNopsAreRuntimeMicroQueued,PASS
DB,NOP,IMP,1,1,docs/cmd_g65sc02_page9_nops_measured_cycles.csv + src/core/cpu/cpu8/Cpu65c02Cmd.java,test.cpu.Cpu65c02ProfileMicrocodeCoverageTest#cmdProfileNopOpcodesMatchMicrocodeCycleCount; test.cpu.Cpu65c02CycleTimingTest#cmdProfileAllMeasuredNopCyclesMatchHardwareTable,PASS
DC,NOP,IMP,3,4,docs/cmd_g65sc02_page9_nops_measured_cycles.csv + src/core/cpu/cpu8/Cpu65c02Cmd.java,test.cpu.Cpu65c02ProfileMicrocodeCoverageTest#cmdProfileNopOpcodesMatchMicrocodeCycleCount; test.cpu.Cpu65c02CycleTimingTest#cmdProfileAllMeasuredNopCyclesMatchHardwareTable,PASS
DD,CMP,ABS_X,3,4,src/core/cpu/cpu8/Cpu65c02Opcode.java + src/core/cpu/cpu8/Cpu65c02Microcode.java,test.cpu.Cpu65c02ProfileMicrocodeCoverageTest#cmdProfileAllNonNopOpcodesMatchMicrocodeCycleCount; test.cpu.Cpu65c02MicrocodeTest; test.cpu.Cpu65c02ProfileMicrocodeCoverageTest#cmdProfileAllNonNopsAreRuntimeMicroQueued,PASS
DE,DEC,ABS_X,3,6,src/core/cpu/cpu8/Cpu65c02Opcode.java + src/core/cpu/cpu8/Cpu65c02Microcode.java,test.cpu.Cpu65c02ProfileMicrocodeCoverageTest#cmdProfileAllNonNopOpcodesMatchMicrocodeCycleCount; test.cpu.Cpu65c02MicrocodeTest; test.cpu.Cpu65c02ProfileMicrocodeCoverageTest#cmdProfileAllNonNopsAreRuntimeMicroQueued,PASS
DF,NOP,IMP,1,1,docs/cmd_g65sc02_page9_nops_measured_cycles.csv + src/core/cpu/cpu8/Cpu65c02Cmd.java,test.cpu.Cpu65c02ProfileMicrocodeCoverageTest#cmdProfileNopOpcodesMatchMicrocodeCycleCount; test.cpu.Cpu65c02CycleTimingTest#cmdProfileAllMeasuredNopCyclesMatchHardwareTable,PASS
E0,CPX,IMM,2,2,src/core/cpu/cpu8/Cpu65c02Opcode.java + src/core/cpu/cpu8/Cpu65c02Microcode.java,test.cpu.Cpu65c02ProfileMicrocodeCoverageTest#cmdProfileAllNonNopOpcodesMatchMicrocodeCycleCount; test.cpu.Cpu65c02MicrocodeTest; test.cpu.Cpu65c02ProfileMicrocodeCoverageTest#cmdProfileAllNonNopsAreRuntimeMicroQueued,PASS
E1,SBC,IND_X,2,6,src/core/cpu/cpu8/Cpu65c02Opcode.java + src/core/cpu/cpu8/Cpu65c02Microcode.java,test.cpu.Cpu65c02ProfileMicrocodeCoverageTest#cmdProfileAllNonNopOpcodesMatchMicrocodeCycleCount; test.cpu.Cpu65c02MicrocodeTest; test.cpu.Cpu65c02ProfileMicrocodeCoverageTest#cmdProfileAllNonNopsAreRuntimeMicroQueued,PASS
E2,NOP,IMP,2,2,docs/cmd_g65sc02_page9_nops_measured_cycles.csv + src/core/cpu/cpu8/Cpu65c02Cmd.java,test.cpu.Cpu65c02ProfileMicrocodeCoverageTest#cmdProfileNopOpcodesMatchMicrocodeCycleCount; test.cpu.Cpu65c02CycleTimingTest#cmdProfileAllMeasuredNopCyclesMatchHardwareTable,PASS
E3,NOP,IMP,1,1,docs/cmd_g65sc02_page9_nops_measured_cycles.csv + src/core/cpu/cpu8/Cpu65c02Cmd.java,test.cpu.Cpu65c02ProfileMicrocodeCoverageTest#cmdProfileNopOpcodesMatchMicrocodeCycleCount; test.cpu.Cpu65c02CycleTimingTest#cmdProfileAllMeasuredNopCyclesMatchHardwareTable,PASS
E4,CPX,ZPG,2,3,src/core/cpu/cpu8/Cpu65c02Opcode.java + src/core/cpu/cpu8/Cpu65c02Microcode.java,test.cpu.Cpu65c02ProfileMicrocodeCoverageTest#cmdProfileAllNonNopOpcodesMatchMicrocodeCycleCount; test.cpu.Cpu65c02MicrocodeTest; test.cpu.Cpu65c02ProfileMicrocodeCoverageTest#cmdProfileAllNonNopsAreRuntimeMicroQueued,PASS
E5,SBC,ZPG,2,3,src/core/cpu/cpu8/Cpu65c02Opcode.java + src/core/cpu/cpu8/Cpu65c02Microcode.java,test.cpu.Cpu65c02ProfileMicrocodeCoverageTest#cmdProfileAllNonNopOpcodesMatchMicrocodeCycleCount; test.cpu.Cpu65c02MicrocodeTest; test.cpu.Cpu65c02ProfileMicrocodeCoverageTest#cmdProfileAllNonNopsAreRuntimeMicroQueued,PASS
E6,INC,ZPG,2,5,src/core/cpu/cpu8/Cpu65c02Opcode.java + src/core/cpu/cpu8/Cpu65c02Microcode.java,test.cpu.Cpu65c02ProfileMicrocodeCoverageTest#cmdProfileAllNonNopOpcodesMatchMicrocodeCycleCount; test.cpu.Cpu65c02MicrocodeTest; test.cpu.Cpu65c02ProfileMicrocodeCoverageTest#cmdProfileAllNonNopsAreRuntimeMicroQueued,PASS
E7,NOP,IMP,1,1,docs/cmd_g65sc02_page9_nops_measured_cycles.csv + src/core/cpu/cpu8/Cpu65c02Cmd.java,test.cpu.Cpu65c02ProfileMicrocodeCoverageTest#cmdProfileNopOpcodesMatchMicrocodeCycleCount; test.cpu.Cpu65c02CycleTimingTest#cmdProfileAllMeasuredNopCyclesMatchHardwareTable,PASS
E8,INX,IMP,1,2,src/core/cpu/cpu8/Cpu65c02Opcode.java + src/core/cpu/cpu8/Cpu65c02Microcode.java,test.cpu.Cpu65c02ProfileMicrocodeCoverageTest#cmdProfileAllNonNopOpcodesMatchMicrocodeCycleCount; test.cpu.Cpu65c02MicrocodeTest; test.cpu.Cpu65c02ProfileMicrocodeCoverageTest#cmdProfileAllNonNopsAreRuntimeMicroQueued,PASS
E9,SBC,IMM,2,2,src/core/cpu/cpu8/Cpu65c02Opcode.java + src/core/cpu/cpu8/Cpu65c02Microcode.java,test.cpu.Cpu65c02ProfileMicrocodeCoverageTest#cmdProfileAllNonNopOpcodesMatchMicrocodeCycleCount; test.cpu.Cpu65c02MicrocodeTest; test.cpu.Cpu65c02ProfileMicrocodeCoverageTest#cmdProfileAllNonNopsAreRuntimeMicroQueued,PASS
EA,NOP,IMP,1,2,docs/cmd_g65sc02_page9_nops_measured_cycles.csv + src/core/cpu/cpu8/Cpu65c02Cmd.java,test.cpu.Cpu65c02ProfileMicrocodeCoverageTest#cmdProfileNopOpcodesMatchMicrocodeCycleCount; test.cpu.Cpu65c02CycleTimingTest#cmdProfileAllMeasuredNopCyclesMatchHardwareTable,PASS
EB,NOP,IMP,1,1,docs/cmd_g65sc02_page9_nops_measured_cycles.csv + src/core/cpu/cpu8/Cpu65c02Cmd.java,test.cpu.Cpu65c02ProfileMicrocodeCoverageTest#cmdProfileNopOpcodesMatchMicrocodeCycleCount; test.cpu.Cpu65c02CycleTimingTest#cmdProfileAllMeasuredNopCyclesMatchHardwareTable,PASS
EC,CPX,ABS,3,4,src/core/cpu/cpu8/Cpu65c02Opcode.java + src/core/cpu/cpu8/Cpu65c02Microcode.java,test.cpu.Cpu65c02ProfileMicrocodeCoverageTest#cmdProfileAllNonNopOpcodesMatchMicrocodeCycleCount; test.cpu.Cpu65c02MicrocodeTest; test.cpu.Cpu65c02ProfileMicrocodeCoverageTest#cmdProfileAllNonNopsAreRuntimeMicroQueued,PASS
ED,SBC,ABS,3,4,src/core/cpu/cpu8/Cpu65c02Opcode.java + src/core/cpu/cpu8/Cpu65c02Microcode.java,test.cpu.Cpu65c02ProfileMicrocodeCoverageTest#cmdProfileAllNonNopOpcodesMatchMicrocodeCycleCount; test.cpu.Cpu65c02MicrocodeTest; test.cpu.Cpu65c02ProfileMicrocodeCoverageTest#cmdProfileAllNonNopsAreRuntimeMicroQueued,PASS
EE,INC,ABS,3,6,src/core/cpu/cpu8/Cpu65c02Opcode.java + src/core/cpu/cpu8/Cpu65c02Microcode.java,test.cpu.Cpu65c02ProfileMicrocodeCoverageTest#cmdProfileAllNonNopOpcodesMatchMicrocodeCycleCount; test.cpu.Cpu65c02MicrocodeTest; test.cpu.Cpu65c02ProfileMicrocodeCoverageTest#cmdProfileAllNonNopsAreRuntimeMicroQueued,PASS
EF,NOP,IMP,1,1,docs/cmd_g65sc02_page9_nops_measured_cycles.csv + src/core/cpu/cpu8/Cpu65c02Cmd.java,test.cpu.Cpu65c02ProfileMicrocodeCoverageTest#cmdProfileNopOpcodesMatchMicrocodeCycleCount; test.cpu.Cpu65c02CycleTimingTest#cmdProfileAllMeasuredNopCyclesMatchHardwareTable,PASS
F0,BEQ,REL,2,2,src/core/cpu/cpu8/Cpu65c02Opcode.java + src/core/cpu/cpu8/Cpu65c02Microcode.java,test.cpu.Cpu65c02ProfileMicrocodeCoverageTest#cmdProfileAllNonNopOpcodesMatchMicrocodeCycleCount; test.cpu.Cpu65c02MicrocodeTest; test.cpu.Cpu65c02ProfileMicrocodeCoverageTest#cmdProfileAllNonNopsAreRuntimeMicroQueued,PASS
F1,SBC,IND_Y,2,5,src/core/cpu/cpu8/Cpu65c02Opcode.java + src/core/cpu/cpu8/Cpu65c02Microcode.java,test.cpu.Cpu65c02ProfileMicrocodeCoverageTest#cmdProfileAllNonNopOpcodesMatchMicrocodeCycleCount; test.cpu.Cpu65c02MicrocodeTest; test.cpu.Cpu65c02ProfileMicrocodeCoverageTest#cmdProfileAllNonNopsAreRuntimeMicroQueued,PASS
F2,SBC,ZPG_IND,2,5,src/core/cpu/cpu8/Cpu65c02Opcode.java + src/core/cpu/cpu8/Cpu65c02Microcode.java,test.cpu.Cpu65c02ProfileMicrocodeCoverageTest#cmdProfileAllNonNopOpcodesMatchMicrocodeCycleCount; test.cpu.Cpu65c02MicrocodeTest; test.cpu.Cpu65c02ProfileMicrocodeCoverageTest#cmdProfileAllNonNopsAreRuntimeMicroQueued,PASS
F3,NOP,IMP,1,1,docs/cmd_g65sc02_page9_nops_measured_cycles.csv + src/core/cpu/cpu8/Cpu65c02Cmd.java,test.cpu.Cpu65c02ProfileMicrocodeCoverageTest#cmdProfileNopOpcodesMatchMicrocodeCycleCount; test.cpu.Cpu65c02CycleTimingTest#cmdProfileAllMeasuredNopCyclesMatchHardwareTable,PASS
F4,NOP,IMP,2,4,docs/cmd_g65sc02_page9_nops_measured_cycles.csv + src/core/cpu/cpu8/Cpu65c02Cmd.java,test.cpu.Cpu65c02ProfileMicrocodeCoverageTest#cmdProfileNopOpcodesMatchMicrocodeCycleCount; test.cpu.Cpu65c02CycleTimingTest#cmdProfileAllMeasuredNopCyclesMatchHardwareTable,PASS
F5,SBC,ZPG_X,2,4,src/core/cpu/cpu8/Cpu65c02Opcode.java + src/core/cpu/cpu8/Cpu65c02Microcode.java,test.cpu.Cpu65c02ProfileMicrocodeCoverageTest#cmdProfileAllNonNopOpcodesMatchMicrocodeCycleCount; test.cpu.Cpu65c02MicrocodeTest; test.cpu.Cpu65c02ProfileMicrocodeCoverageTest#cmdProfileAllNonNopsAreRuntimeMicroQueued,PASS
F6,INC,ZPG_X,2,6,src/core/cpu/cpu8/Cpu65c02Opcode.java + src/core/cpu/cpu8/Cpu65c02Microcode.java,test.cpu.Cpu65c02ProfileMicrocodeCoverageTest#cmdProfileAllNonNopOpcodesMatchMicrocodeCycleCount; test.cpu.Cpu65c02MicrocodeTest; test.cpu.Cpu65c02ProfileMicrocodeCoverageTest#cmdProfileAllNonNopsAreRuntimeMicroQueued,PASS
F7,NOP,IMP,1,1,docs/cmd_g65sc02_page9_nops_measured_cycles.csv + src/core/cpu/cpu8/Cpu65c02Cmd.java,test.cpu.Cpu65c02ProfileMicrocodeCoverageTest#cmdProfileNopOpcodesMatchMicrocodeCycleCount; test.cpu.Cpu65c02CycleTimingTest#cmdProfileAllMeasuredNopCyclesMatchHardwareTable,PASS
F8,SED,IMP,1,2,src/core/cpu/cpu8/Cpu65c02Opcode.java + src/core/cpu/cpu8/Cpu65c02Microcode.java,test.cpu.Cpu65c02ProfileMicrocodeCoverageTest#cmdProfileAllNonNopOpcodesMatchMicrocodeCycleCount; test.cpu.Cpu65c02MicrocodeTest; test.cpu.Cpu65c02ProfileMicrocodeCoverageTest#cmdProfileAllNonNopsAreRuntimeMicroQueued,PASS
F9,SBC,ABS_Y,3,4,src/core/cpu/cpu8/Cpu65c02Opcode.java + src/core/cpu/cpu8/Cpu65c02Microcode.java,test.cpu.Cpu65c02ProfileMicrocodeCoverageTest#cmdProfileAllNonNopOpcodesMatchMicrocodeCycleCount; test.cpu.Cpu65c02MicrocodeTest; test.cpu.Cpu65c02ProfileMicrocodeCoverageTest#cmdProfileAllNonNopsAreRuntimeMicroQueued,PASS
FA,PLX,IMP,1,4,src/core/cpu/cpu8/Cpu65c02Opcode.java + src/core/cpu/cpu8/Cpu65c02Microcode.java,test.cpu.Cpu65c02ProfileMicrocodeCoverageTest#cmdProfileAllNonNopOpcodesMatchMicrocodeCycleCount; test.cpu.Cpu65c02MicrocodeTest; test.cpu.Cpu65c02ProfileMicrocodeCoverageTest#cmdProfileAllNonNopsAreRuntimeMicroQueued,PASS
FB,NOP,IMP,1,1,docs/cmd_g65sc02_page9_nops_measured_cycles.csv + src/core/cpu/cpu8/Cpu65c02Cmd.java,test.cpu.Cpu65c02ProfileMicrocodeCoverageTest#cmdProfileNopOpcodesMatchMicrocodeCycleCount; test.cpu.Cpu65c02CycleTimingTest#cmdProfileAllMeasuredNopCyclesMatchHardwareTable,PASS
FC,NOP,IMP,3,4,docs/cmd_g65sc02_page9_nops_measured_cycles.csv + src/core/cpu/cpu8/Cpu65c02Cmd.java,test.cpu.Cpu65c02ProfileMicrocodeCoverageTest#cmdProfileNopOpcodesMatchMicrocodeCycleCount; test.cpu.Cpu65c02CycleTimingTest#cmdProfileAllMeasuredNopCyclesMatchHardwareTable,PASS
FD,SBC,ABS_X,3,4,src/core/cpu/cpu8/Cpu65c02Opcode.java + src/core/cpu/cpu8/Cpu65c02Microcode.java,test.cpu.Cpu65c02ProfileMicrocodeCoverageTest#cmdProfileAllNonNopOpcodesMatchMicrocodeCycleCount; test.cpu.Cpu65c02MicrocodeTest; test.cpu.Cpu65c02ProfileMicrocodeCoverageTest#cmdProfileAllNonNopsAreRuntimeMicroQueued,PASS
FE,INC,ABS_X,3,6,src/core/cpu/cpu8/Cpu65c02Opcode.java + src/core/cpu/cpu8/Cpu65c02Microcode.java,test.cpu.Cpu65c02ProfileMicrocodeCoverageTest#cmdProfileAllNonNopOpcodesMatchMicrocodeCycleCount; test.cpu.Cpu65c02MicrocodeTest; test.cpu.Cpu65c02ProfileMicrocodeCoverageTest#cmdProfileAllNonNopsAreRuntimeMicroQueued,PASS
FF,NOP,IMP,1,1,docs/cmd_g65sc02_page9_nops_measured_cycles.csv + src/core/cpu/cpu8/Cpu65c02Cmd.java,test.cpu.Cpu65c02ProfileMicrocodeCoverageTest#cmdProfileNopOpcodesMatchMicrocodeCycleCount; test.cpu.Cpu65c02CycleTimingTest#cmdProfileAllMeasuredNopCyclesMatchHardwareTable,PASS
